Date,NAV
2007-05-07,45.12000
2007-05-08,44.81000
2007-05-09,44.81000
2007-05-10,44.74000
2007-05-11,44.84000
2007-05-14,45.34000
2007-05-15,45.37000
2007-05-16,45.66000
2007-05-17,45.99000
2007-05-18,45.99000
2007-05-21,46.18000
2007-05-22,46.32000
2007-05-23,46.15000
2007-05-24,46.01000
2007-05-25,46.12000
2007-05-28,46.46000
2007-05-29,46.67000
2007-05-30,46.33000
2007-05-31,46.58000
2007-06-01,46.79000
2007-06-04,46.49000
2007-06-05,46.60000
2007-06-06,46.26000
2007-06-07,46.13000
2007-06-08,45.89000
2007-06-11,45.82000
2007-06-12,45.82000
2007-06-13,45.49000
2007-06-14,46.15000
2007-06-15,46.28000
2007-06-18,46.24000
2007-06-19,46.70000
2007-06-20,47.27000
2007-06-21,47.53000
2007-06-22,47.53000
2007-06-25,47.48000
2007-06-26,47.56000
2007-06-27,47.44000
2007-06-28,47.79000
2007-06-29,48.14000
2007-07-02,48.52000
2007-07-03,48.78000
2007-07-04,48.85000
2007-07-05,48.69000
2007-07-06,49.13000
2007-07-09,49.38000
2007-07-10,49.16000
2007-07-11,49.19000
2007-07-12,49.68000
2007-07-13,50.13000
2007-07-16,50.33000
2007-07-17,50.06000
2007-07-18,50.14000
2007-07-19,50.66000
2007-07-20,50.66000
2007-07-23,50.89000
2007-07-24,50.86000
2007-07-25,50.31000
2007-07-26,50.52000
2007-07-27,49.10000
2007-07-30,49.26000
2007-07-31,50.18000
2007-08-01,48.55000
2007-08-02,48.88000
2007-08-03,49.33000
2007-08-06,48.78000
2007-08-07,49.05000
2007-08-08,49.90000
2007-08-09,49.18000
2007-08-10,48.62000
2007-08-13,49.09000
2007-08-14,49.01000
2007-08-16,47.25000
2007-08-17,46.64000
2007-08-20,47.49000
2007-08-21,46.02000
2007-08-22,46.59000
2007-08-23,46.28000
2007-08-24,47.09000
2007-08-27,48.40000
2007-08-28,48.73000
2007-08-29,49.01000
2007-08-30,49.27000
2007-08-31,50.06000
2007-09-03,50.45000
2007-09-04,50.81000
2007-09-05,50.75000
2007-09-06,51.12000
2007-09-07,50.95000
2007-09-10,51.11000
2007-09-11,51.01000
2007-09-12,51.07000
2007-09-13,51.63000
2007-09-14,51.22000
2007-09-17,51.18000
2007-09-18,51.63000
2007-09-19,53.06000
2007-09-20,53.39000
2007-09-21,53.85000
2007-09-24,54.65000
2007-09-25,54.78000
2007-09-26,55.07000
2007-09-27,55.33000
2007-09-28,55.69000
2007-10-01,56.31000
2007-10-03,57.11000
2007-10-04,56.86000
2007-10-05,56.72000
2007-10-08,55.41000
2007-10-09,57.44000
2007-10-10,58.71000
2007-10-11,59.64000
2007-10-12,59.09000
2007-10-15,61.09000
2007-10-16,61.20000
2007-10-17,60.09000
2007-10-18,57.94000
2007-10-19,56.31000
2007-10-22,56.59000
2007-10-23,59.28000
2007-10-24,59.52000
2007-10-25,60.19000
2007-10-26,61.75000
2007-10-29,63.25000
2007-10-30,62.79000
2007-10-31,62.89000
2007-11-01,62.40000
2007-11-02,62.91000
2007-11-05,62.59000
2007-11-06,62.27000
2007-11-07,62.13000
2007-11-08,61.49000
2007-11-09,61.44000
2007-11-12,61.00000
2007-11-13,62.01000
2007-11-14,63.75000
2007-11-15,63.95000
2007-11-16,63.88000
2007-11-19,64.64000
2007-11-20,63.87000
2007-11-21,61.46000
2007-11-22,61.09000
2007-11-23,61.83000
2007-11-26,62.92000
2007-11-27,62.84000
2007-11-28,62.47000
2007-11-29,62.41000
2007-11-30,63.75000
2007-12-03,64.86000
2007-12-04,65.41000
2007-12-05,66.25000
2007-12-06,66.07000
2007-12-07,66.27000
2007-12-10,66.32000
2007-12-11,67.33000
2007-12-12,68.30000
2007-12-13,67.90000
2007-12-14,68.11000
2007-12-17,65.35000
2007-12-18,64.97000
2007-12-19,64.97000
2007-12-20,65.11000
2007-12-24,66.73000
2007-12-26,67.79000
2007-12-27,67.62000
2007-12-28,68.00000
2007-12-31,68.66000
2008-01-01,68.90000
2008-01-02,69.52000
2008-01-03,69.68000
2008-01-04,70.63000
2008-01-07,70.32000
2008-01-08,69.54000
2008-01-09,69.27000
2008-01-10,67.81000
2008-01-11,68.26000
2008-01-14,68.94000
2008-01-15,67.92000
2008-01-16,66.70000
2008-01-17,66.82000
2008-01-18,64.56000
2008-01-21,59.07000
2008-01-22,56.35000
2008-01-23,59.61000
2008-01-24,58.13000
2008-01-25,61.63000
2008-01-28,61.18000
2008-01-29,60.92000
2008-01-30,59.63000
2008-01-31,59.38000
2008-02-01,59.91000
2008-02-04,61.39000
2008-02-05,61.65000
2008-02-06,60.42000
2008-02-07,58.79000
2008-02-08,57.87000
2008-02-11,55.15000
2008-02-12,54.95000
2008-02-13,55.40000
2008-02-14,57.88000
2008-02-15,58.80000
2008-02-18,59.03000
2008-02-19,58.98000
2008-02-20,57.61000
2008-02-21,58.01000
2008-02-22,57.07000
2008-02-25,57.60000
2008-02-26,58.45000
2008-02-27,58.70000
2008-02-28,58.73000
2008-02-29,58.03000
2008-03-03,55.41000
2008-03-04,54.41000
2008-03-05,54.44000
2008-03-07,52.63000
2008-03-10,52.60000
2008-03-11,53.79000
2008-03-12,53.49000
2008-03-13,50.76000
2008-03-14,51.58000
2008-03-17,48.50000
2008-03-18,48.42000
2008-03-19,48.41000
2008-03-24,48.30000
2008-03-25,50.79000
2008-03-26,51.11000
2008-03-27,51.18000
2008-03-28,52.51000
2008-03-31,51.07000
2008-04-01,50.65000
2008-04-02,50.90000
2008-04-03,50.81000
2008-04-04,49.70000
2008-04-07,50.60000
2008-04-08,50.27000
2008-04-09,50.84000
2008-04-10,50.56000
2008-04-11,50.95000
2008-04-15,51.51000
2008-04-16,51.80000
2008-04-17,52.45000
2008-04-21,53.37000
2008-04-22,53.79000
2008-04-23,53.73000
2008-04-24,53.34000
2008-04-25,54.20000
2008-04-28,53.97000
2008-04-29,54.66000
2008-04-30,54.68000
2008-05-02,55.21000
2008-05-05,55.19000
2008-05-06,54.57000
2008-05-07,54.32000
2008-05-08,53.82000
2008-05-09,52.77000
2008-05-12,52.70000
2008-05-13,52.50000
2008-05-14,52.85000
2008-05-15,53.67000
2008-05-16,54.11000
2008-05-20,53.81000
2008-05-21,53.98000
2008-05-22,53.13000
2008-05-23,52.53000
2008-05-26,51.34000
2008-05-27,50.98000
2008-05-28,51.37000
2008-05-29,51.20000
2008-05-30,51.56000
2008-06-02,50.46000
2008-06-03,50.27000
2008-06-04,48.96000
2008-06-05,49.45000
2008-06-06,48.96000
2008-06-09,47.64000
2008-06-10,47.16000
2008-06-11,47.86000
2008-06-12,48.04000
2008-06-13,47.98000
2008-06-16,48.61000
2008-06-17,49.45000
2008-06-18,48.82000
2008-06-19,47.87000
2008-06-20,46.55000
2008-06-23,45.36000
2008-06-24,44.79000
2008-06-25,45.21000
2008-06-26,45.38000
2008-06-27,43.60000
2008-06-30,42.36000
2008-07-01,40.82000
2008-07-02,42.64000
2008-07-03,41.05000
2008-07-04,42.23000
2008-07-07,42.62000
2008-07-08,42.43000
2008-07-09,43.97000
2008-07-10,43.98000
2008-07-11,42.85000
2008-07-14,42.50000
2008-07-15,40.72000
2008-07-16,40.20000
2008-07-17,41.48000
2008-07-18,42.85000
2008-07-21,43.16000
2008-07-22,43.98000
2008-07-23,46.46000
2008-07-24,46.01000
2008-07-25,45.09000
2008-07-28,45.33000
2008-07-29,43.69000
2008-07-30,44.99000
2008-07-31,45.06000
2008-08-01,45.87000
2008-08-04,46.03000
2008-08-05,47.20000
2008-08-06,47.32000
2008-08-07,47.38000
2008-08-08,47.42000
2008-08-11,48.34000
2008-08-12,47.73000
2008-08-13,47.45000
2008-08-14,46.33000
2008-08-18,45.94000
2008-08-19,45.60000
2008-08-20,46.04000
2008-08-21,44.96000
2008-08-22,45.33000
2008-08-25,45.46000
2008-08-26,45.48000
2008-08-27,45.01000
2008-08-28,44.31000
2008-08-29,45.61000
2008-09-01,45.44000
2008-09-02,46.83000
2008-09-04,46.59000
2008-09-05,45.62000
2008-09-08,46.57000
2008-09-09,46.40000
2008-09-10,45.72000
2008-09-11,44.94000
2008-09-12,44.22000
2008-09-15,42.81000
2008-09-16,42.59000
2008-09-17,41.83000
2008-09-18,41.69000
2008-09-19,43.31000
2008-09-22,43.14000
2008-09-23,42.21000
2008-09-24,42.52000
2008-09-25,42.25000
2008-09-26,41.04000
2008-09-29,39.66000
2008-09-30,40.42000
2008-10-01,40.87000
2008-10-03,39.56000
2008-10-06,37.35000
2008-10-07,36.93000
2008-10-08,35.79000
2008-10-10,33.27000
2008-10-13,35.25000
2008-10-14,35.82000
2008-10-15,34.18000
2008-10-16,33.81000
2008-10-17,32.48000
2008-10-20,32.64000
2008-10-21,33.83000
2008-10-22,32.51000
2008-10-23,31.32000
2008-10-24,28.67000
2008-10-27,27.93000
2008-10-29,29.30000
2008-10-31,30.85000
2008-11-03,32.28000
2008-11-04,33.34000
2008-11-05,32.15000
2008-11-06,31.36000
2008-11-07,31.90000
2008-11-10,33.24000
2008-11-11,31.58000
2008-11-12,30.79000
2008-11-14,30.25000
2008-11-17,29.77000
2008-11-18,28.91000
2008-11-19,28.49000
2008-11-20,27.69000
2008-11-21,28.45000
2008-11-24,28.44000
2008-11-25,27.95000
2008-11-26,28.47000
2008-11-28,28.50000
2008-12-01,28.17000
2008-12-02,27.92000
2008-12-03,28.10000
2008-12-04,29.19000
2008-12-05,28.67000
2008-12-08,29.05000
2008-12-10,30.23000
2008-12-11,30.37000
2008-12-12,30.66000
2008-12-15,31.16000
2008-12-16,31.61000
2008-12-17,30.77000
2008-12-18,31.61000
2008-12-19,31.83000
2008-12-22,31.41000
2008-12-23,30.75000
2008-12-24,30.54000
2008-12-26,30.08000
2008-12-29,30.60000
2008-12-30,31.06000
2008-12-31,30.99000
2009-01-01,31.64000
2009-01-02,31.95000
2009-01-05,32.65000
2009-01-06,32.92000
2009-01-07,31.15000
2009-01-09,30.55000
2009-01-12,29.89000
2009-01-13,29.66000
2009-01-14,30.24000
2009-01-15,29.58000
2009-01-16,30.04000
2009-01-19,30.16000
2009-01-20,29.72000
2009-01-21,29.03000
2009-01-22,28.87000
2009-01-23,28.39000
2009-01-27,28.90000
2009-01-28,29.48000
2009-01-29,29.41000
2009-01-30,29.84000
2009-02-02,29.12000
2009-02-03,29.20000
2009-02-04,29.30000
2009-02-05,29.17000
2009-02-06,29.60000
2009-02-09,30.26000
2009-02-10,30.48000
2009-02-11,30.49000
2009-02-12,30.25000
2009-02-13,30.69000
2009-02-16,29.88000
2009-02-17,29.27000
2009-02-18,29.24000
2009-02-19,29.27000
2009-02-20,28.87000
2009-02-24,28.69000
2009-02-25,28.82000
2009-02-26,28.82000
2009-02-27,28.72000
2009-03-02,28.13000
2009-03-03,27.83000
2009-03-04,27.88000
2009-03-05,27.38000
2009-03-06,27.57000
2009-03-09,27.19000
2009-03-12,27.54000
2009-03-13,28.38000
2009-03-16,28.92000
2009-03-17,28.81000
2009-03-18,29.15000
2009-03-19,29.19000
2009-03-20,29.04000
2009-03-23,30.01000
2009-03-24,29.98000
2009-03-25,30.42000
2009-03-26,31.19000
2009-03-27,31.55000
2009-03-30,30.44000
2009-03-31,30.91000
2009-04-01,31.35000
2009-04-02,32.57000
2009-04-06,32.97000
2009-04-08,33.56000
2009-04-09,33.75000
2009-04-13,34.43000
2009-04-15,35.49000
2009-04-16,34.39000
2009-04-17,34.69000
2009-04-20,34.89000
2009-04-21,34.66000
2009-04-22,34.33000
2009-04-23,35.00000
2009-04-24,35.57000
2009-04-27,35.55000
2009-04-28,34.53000
2009-04-29,35.43000
2009-05-04,37.03000
2009-05-05,37.21000
2009-05-06,36.71000
2009-05-07,37.23000
2009-05-08,36.77000
2009-05-11,36.22000
2009-05-12,37.10000
2009-05-13,36.88000
2009-05-14,36.78000
2009-05-15,37.40000
2009-05-19,43.55000
2009-05-20,44.17000
2009-05-21,43.69000
2009-05-22,44.10000
2009-05-25,44.35000
2009-05-26,43.25000
2009-05-27,44.73000
2009-05-28,45.14000
2009-05-29,46.09000
2009-06-01,46.99000
2009-06-02,47.01000
2009-06-03,47.31000
2009-06-04,47.73000
2009-06-05,47.95000
2009-06-08,46.17000
2009-06-09,47.39000
2009-06-10,48.47000
2009-06-11,48.20000
2009-06-12,47.67000
2009-06-15,46.75000
2009-06-16,47.30000
2009-06-17,45.80000
2009-06-18,44.74000
2009-06-19,45.41000
2009-06-22,44.74000
2009-06-23,44.79000
2009-06-24,45.34000
2009-06-25,45.21000
2009-06-26,46.36000
2009-06-29,46.80000
2009-06-30,45.65000
2009-07-02,46.36000
2009-07-03,47.10000
2009-07-06,44.68000
2009-07-07,45.10000
2009-07-08,43.91000
2009-07-09,44.05000
2009-07-10,43.21000
2009-07-13,42.59000
2009-07-14,44.05000
2009-07-15,45.38000
2009-07-16,45.39000
2009-07-17,46.59000
2009-07-20,47.57000
2009-07-21,47.32000
2009-07-22,46.76000
2009-07-23,47.78000
2009-07-24,48.42000
2009-07-27,48.65000
2009-07-28,48.83000
2009-07-29,48.38000
2009-07-30,48.88000
2009-07-31,49.40000
2009-08-03,50.11000
2009-08-04,49.76000
2009-08-05,49.87000
2009-08-06,48.80000
2009-08-07,47.79000
2009-08-10,47.06000
2009-08-11,47.44000
2009-08-12,47.52000
2009-08-13,48.96000
2009-08-14,48.88000
2009-08-17,47.11000
2009-08-18,47.87000
2009-08-20,47.81000
2009-08-21,48.55000
2009-08-24,49.55000
2009-08-25,49.70000
2009-08-26,49.93000
2009-08-27,50.17000
2009-08-28,50.63000
2009-08-31,50.15000
2009-09-01,49.54000
2009-09-02,49.39000
2009-09-03,49.31000
2009-09-04,50.03000
2009-09-07,51.27000
2009-09-08,51.42000
2009-09-09,51.32000
2009-09-10,51.44000
2009-09-11,51.37000
2009-09-14,51.37000
2009-09-15,52.25000
2009-09-16,52.91000
2009-09-17,52.97000
2009-09-18,53.29000
2009-09-22,53.59000
2009-09-23,53.10000
2009-09-24,53.35000
2009-09-25,53.22000
2009-09-29,53.43000
2009-10-01,54.23000
2009-10-05,53.44000
2009-10-06,53.55000
2009-10-07,53.64000
2009-10-08,53.85000
2009-10-09,53.40000
2009-10-12,54.29000
2009-10-14,55.26000
2009-10-15,55.59000
2009-10-16,55.96000
2009-10-20,55.79000
2009-10-21,55.21000
2009-10-22,54.32000
2009-10-23,54.49000
2009-10-26,53.99000
2009-10-27,52.63000
2009-10-28,52.46000
2009-10-29,51.98000
2009-10-30,51.79000
2009-11-03,50.29000
2009-11-04,51.57000
2009-11-05,52.36000
2009-11-06,52.85000
2009-11-09,53.87000
2009-11-10,53.78000
2009-11-11,54.96000
2009-11-12,54.46000
2009-11-13,54.77000
2009-11-16,55.26000
2009-11-17,55.35000
2009-11-18,55.39000
2009-11-19,54.80000
2009-11-20,55.36000
2009-11-23,55.71000
2009-11-24,55.56000
2009-11-25,55.91000
2009-11-26,55.10000
2009-11-27,54.61000
2009-11-30,55.52000
2009-12-01,56.44000
2009-12-02,56.49000
2009-12-03,56.84000
2009-12-04,56.59000
2009-12-07,56.28000
2009-12-08,57.00000
2009-12-09,56.69000
2009-12-10,57.00000
2009-12-11,56.79000
2009-12-14,56.78000
2009-12-15,55.91000
2009-12-16,56.10000
2009-12-17,56.25000
2009-12-18,55.85000
2009-12-21,55.50000
2009-12-22,55.91000
2009-12-23,57.20000
2009-12-24,57.50000
2009-12-29,57.61000
2009-12-30,57.46000
2009-12-31,57.77000
2010-01-04,58.35000
2010-01-05,58.91000
2010-01-06,59.25000
2010-01-07,59.06000
2010-01-08,58.90000
2010-01-11,59.05000
2010-01-12,58.59000
2010-01-13,58.81000
2010-01-14,59.10000
2010-01-15,58.85000
2010-01-18,59.01000
2010-01-19,58.46000
2010-01-20,58.39000
2010-01-21,56.96000
2010-01-22,56.47000
2010-01-25,56.07000
2010-01-27,54.49000
2010-01-28,54.89000
2010-01-29,54.98000
2010-02-01,55.39000
2010-02-02,54.63000
2010-02-03,55.57000
2010-02-04,54.81000
2010-02-05,53.59000
2010-02-08,54.00000
2010-02-09,54.28000
2010-02-10,53.90000
2010-02-11,54.33000
2010-02-15,54.07000
2010-02-16,54.55000
2010-02-17,55.09000
2010-02-18,54.83000
2010-02-19,54.39000
2010-02-22,54.43000
2010-02-23,54.38000
2010-02-24,54.34000
2010-02-25,54.31000
2010-02-26,54.92000
2010-03-02,55.86000
2010-03-03,56.64000
2010-03-04,56.69000
2010-03-05,56.91000
2010-03-08,57.32000
2010-03-09,56.99000
2010-03-10,57.03000
2010-03-11,57.15000
2010-03-12,57.11000
2010-03-15,56.90000
2010-03-17,57.64000
2010-03-18,57.58000
2010-03-19,57.75000
2010-03-22,57.23000
2010-03-23,57.52000
2010-03-25,57.54000
2010-03-26,57.89000
2010-03-29,57.99000
2010-03-30,57.79000
2010-03-31,57.80000
2010-04-05,58.87000
2010-04-06,58.88000
2010-04-07,59.09000
2010-04-08,58.50000
2010-04-09,58.94000
2010-04-12,58.63000
2010-04-13,58.52000
2010-04-15,58.24000
2010-04-16,57.96000
2010-04-19,57.30000
2010-04-20,57.76000
2010-04-21,57.96000
2010-04-22,58.02000
2010-04-23,58.30000
2010-04-26,58.62000
2010-04-27,58.55000
2010-04-28,57.79000
2010-04-29,57.95000
2010-04-30,58.42000
2010-05-03,58.06000
2010-05-04,57.21000
2010-05-05,57.06000
2010-05-06,56.82000
2010-05-07,55.91000
2010-05-10,57.38000
2010-05-11,56.73000
2010-05-12,56.98000
2010-05-13,57.30000
2010-05-14,56.77000
2010-05-17,56.53000
2010-05-18,56.57000
2010-05-19,55.19000
2010-05-20,55.62000
2010-05-21,55.18000
2010-05-24,55.30000
2010-05-25,53.85000
2010-05-26,54.81000
2010-05-28,56.12000
2010-05-31,56.66000
2010-06-01,55.72000
2010-06-02,56.17000
2010-06-03,56.93000
2010-06-04,57.10000
2010-06-07,56.23000
2010-06-08,55.93000
2010-06-09,56.36000
2010-06-10,57.16000
2010-06-11,57.33000
2010-06-14,57.94000
2010-06-15,58.11000
2010-06-16,58.32000
2010-06-17,58.66000
2010-06-18,58.47000
2010-06-21,59.25000
2010-06-22,59.00000
2010-06-23,59.21000
2010-06-24,59.13000
2010-06-25,58.94000
2010-06-28,59.57000
2010-06-29,59.02000
2010-06-30,59.47000
2010-07-02,58.83000
2010-07-05,58.84000
2010-07-06,59.23000
2010-07-07,58.82000
2010-07-08,59.46000
2010-07-09,59.90000
2010-07-12,60.12000
2010-07-13,60.40000
2010-07-14,60.16000
2010-07-15,59.99000
2010-07-16,60.27000
2010-07-19,60.29000
2010-07-20,60.02000
2010-07-21,60.46000
2010-07-22,60.86000
2010-07-23,60.59000
2010-07-26,60.31000
2010-07-27,60.24000
2010-07-28,60.16000
2010-07-29,60.21000
2010-07-30,60.02000
2010-08-02,60.52000
2010-08-03,60.50000
2010-08-04,60.71000
2010-08-05,60.56000
2010-08-06,60.47000
2010-08-09,60.98000
2010-08-10,60.72000
2010-08-11,60.37000
2010-08-12,60.42000
2010-08-13,60.64000
2010-08-16,60.28000
2010-08-17,60.38000
2010-08-18,60.89000
2010-08-20,61.28000
2010-08-23,61.55000
2010-08-24,61.20000
2010-08-25,60.70000
2010-08-26,60.88000
2010-08-27,60.40000
2010-08-30,60.49000
2010-08-31,60.29000
2010-09-01,61.12000
2010-09-02,61.25000
2010-09-03,61.44000
2010-09-06,62.35000
2010-09-07,62.63000
2010-09-08,62.60000
2010-09-09,62.99000
2010-09-13,64.02000
2010-09-14,64.26000
2010-09-15,64.52000
2010-09-16,64.06000
2010-09-17,64.66000
2010-09-20,65.12000
2010-09-21,65.06000
2010-09-22,64.88000
2010-09-23,64.86000
2010-09-24,65.43000
2010-09-27,65.56000
2010-09-28,65.61000
2010-09-29,65.15000
2010-10-01,66.35000
2010-10-04,66.66000
2010-10-05,66.64000
2010-10-06,67.08000
2010-10-07,66.60000
2010-10-08,66.26000
2010-10-11,66.48000
2010-10-12,66.08000
2010-10-13,67.04000
2010-10-14,66.57000
2010-10-15,65.47000
2010-10-18,65.44000
2010-10-19,65.26000
2010-10-20,65.07000
2010-10-21,66.19000
2010-10-22,66.02000
2010-10-25,66.46000
2010-10-26,66.20000
2010-10-27,65.66000
2010-10-28,65.54000
2010-10-29,65.45000
2010-11-01,66.42000
2010-11-02,66.50000
2010-11-03,66.89000
2010-11-04,67.90000
2010-11-08,67.93000
2010-11-09,68.11000
2010-11-10,67.91000
2010-11-11,67.19000
2010-11-12,65.99000
2010-11-15,66.46000
2010-11-16,65.36000
2010-11-18,65.25000
2010-11-19,64.30000
2010-11-22,65.06000
2010-11-23,64.43000
2010-11-24,64.00000
2010-11-25,63.42000
2010-11-26,62.68000
2010-11-29,63.15000
2010-11-30,63.69000
2010-12-01,64.81000
2010-12-02,65.28000
2010-12-03,64.85000
2010-12-06,64.78000
2010-12-07,64.61000
2010-12-08,63.95000
2010-12-09,62.20000
2010-12-10,62.95000
2010-12-13,63.60000
2010-12-14,63.99000
2010-12-15,63.26000
2010-12-16,63.47000
2010-12-20,63.46000
2010-12-21,63.89000
2010-12-22,63.81000
2010-12-23,63.72000
2010-12-24,63.80000
2010-12-27,63.76000
2010-12-28,63.89000
2010-12-29,64.39000
2010-12-30,64.73000
2010-12-31,65.27000
2011-01-03,65.56000
2011-01-04,65.30000
2011-01-05,64.62000
2011-01-06,64.01000
2011-01-07,62.78000
2011-01-10,61.33000
2011-01-11,61.24000
2011-01-12,62.14000
2011-01-13,61.29000
2011-01-14,60.38000
2011-01-17,60.09000
2011-01-18,60.53000
2011-01-19,60.35000
2011-01-20,60.43000
2011-01-21,60.45000
2011-01-24,60.89000
2011-01-25,60.41000
2011-01-27,59.46000
2011-01-28,58.35000
2011-01-31,58.69000
2011-02-01,57.74000
2011-02-02,57.83000
2011-02-03,58.56000
2011-02-04,57.52000
2011-02-07,57.19000
2011-02-08,56.22000
2011-02-09,55.20000
2011-02-10,54.86000
2011-02-11,55.82000
2011-02-14,57.55000
2011-02-15,57.55000
2011-02-17,58.13000
2011-02-18,57.36000
2011-02-21,57.83000
2011-02-22,57.27000
2011-02-23,56.86000
2011-02-24,55.24000
2011-02-25,55.40000
2011-02-28,55.51000
2011-03-01,57.25000
2011-03-03,57.33000
2011-03-04,57.47000
2011-03-07,56.80000
2011-03-08,57.27000
2011-03-09,57.44000
2011-03-10,57.23000
2011-03-11,56.82000
2011-03-14,57.41000
2011-03-15,56.61000
2011-03-16,57.15000
2011-03-17,56.75000
2011-03-18,56.13000
2011-03-21,56.15000
2011-03-22,56.52000
2011-03-23,57.10000
2011-03-24,57.52000
2011-03-25,58.57000
2011-03-28,58.73000
2011-03-29,59.16000
2011-03-30,59.93000
2011-03-31,60.07000
2011-04-05,61.30000
2011-04-06,61.32000
2011-04-07,61.57000
2011-04-08,61.11000
2011-04-11,60.68000
2011-04-13,61.74000
2011-04-15,60.97000
2011-04-18,60.04000
2011-04-19,60.17000
2011-04-20,61.19000
2011-04-21,61.48000
2011-04-25,61.54000
2011-04-26,61.53000
2011-04-27,61.46000
2011-04-28,61.24000
2011-04-29,60.75000
2011-05-02,60.23000
2011-05-03,59.09000
2011-05-04,58.85000
2011-05-05,58.20000
2011-05-06,59.07000
2011-05-09,59.18000
2011-05-10,58.94000
2011-05-11,59.15000
2011-05-12,58.60000
2011-05-13,59.18000
2011-05-16,58.60000
2011-05-18,57.72000
2011-05-19,57.71000
2011-05-20,58.16000
2011-05-23,57.40000
2011-05-24,57.38000
2011-05-25,56.97000
2011-05-26,57.31000
2011-05-27,57.94000
2011-05-30,58.07000
2011-05-31,58.83000
2011-06-01,59.08000
2011-06-02,58.73000
2011-06-03,58.44000
2011-06-06,58.46000
2011-06-07,58.76000
2011-06-08,58.60000
2011-06-09,58.53000
2011-06-10,58.39000
2011-06-13,58.41000
2011-06-14,58.60000
2011-06-15,58.10000
2011-06-16,57.69000
2011-06-17,57.27000
2011-06-20,56.15000
2011-06-21,56.30000
2011-06-22,56.19000
2011-06-23,56.49000
2011-06-24,57.73000
2011-06-27,58.30000
2011-06-28,58.37000
2011-06-29,58.95000
2011-06-30,59.26000
2011-07-04,59.77000
2011-07-05,59.83000
2011-07-06,59.72000
2011-07-07,60.51000
2011-07-08,59.96000
2011-07-11,59.70000
2011-07-12,58.95000
2011-07-13,59.65000
2011-07-14,59.75000
2011-07-15,59.68000
2011-07-18,59.66000
2011-07-19,59.99000
2011-07-20,59.36000
2011-07-21,59.14000
2011-07-22,60.00000
2011-07-25,60.50000
2011-07-26,59.65000
2011-07-27,59.56000
2011-07-28,59.05000
2011-07-29,59.04000
2011-08-01,59.17000
2011-08-02,58.59000
2011-08-03,58.16000
2011-08-04,57.61000
2011-08-05,56.57000
2011-08-08,55.74000
2011-08-09,55.35000
2011-08-10,56.20000
2011-08-11,56.11000
2011-08-12,55.59000
2011-08-16,55.14000
2011-08-17,55.19000
2011-08-18,54.09000
2011-08-22,53.64000
2011-08-23,54.12000
2011-08-24,53.69000
2011-08-25,53.38000
2011-08-26,52.57000
2011-08-29,53.93000
2011-08-30,54.53000
2011-09-02,54.80000
2011-09-05,54.71000
2011-09-06,55.13000
2011-09-07,55.65000
2011-09-08,55.87000
2011-09-09,55.19000
2011-09-12,54.16000
2011-09-13,54.19000
2011-09-14,54.61000
2011-09-15,55.16000
2011-09-16,55.32000
2011-09-19,55.04000
2011-09-20,55.90000
2011-09-21,56.15000
2011-09-22,54.43000
2011-09-23,54.08000
2011-09-26,53.69000
2011-09-27,54.68000
2011-09-28,54.33000
2011-09-29,54.82000
2011-10-03,53.64000
2011-10-04,52.81000
2011-10-05,52.51000
2011-10-07,53.32000
2011-10-10,53.94000
2011-10-11,53.92000
2011-10-12,54.83000
2011-10-13,54.62000
2011-10-14,55.16000
2011-10-17,55.15000
2011-10-18,54.42000
2011-10-19,55.20000
2011-10-20,54.84000
2011-10-21,54.66000
2011-10-24,54.91000
2011-10-25,55.38000
2011-10-28,56.64000
2011-10-31,56.57000
2011-11-01,56.15000
2011-11-02,56.10000
2011-11-03,56.24000
2011-11-04,56.48000
2011-11-08,56.45000
2011-11-09,55.87000
2011-11-11,55.32000
2011-11-14,55.10000
2011-11-15,54.27000
2011-11-16,53.92000
2011-11-17,53.19000
2011-11-18,53.05000
2011-11-21,52.10000
2011-11-22,52.31000
2011-11-23,51.40000
2011-11-24,51.90000
2011-11-25,51.70000
2011-11-28,52.76000
2011-11-29,52.32000
2011-11-30,52.53000
2011-12-01,53.21000
2011-12-02,54.14000
2011-12-05,54.03000
2011-12-07,53.96000
2011-12-08,53.06000
2011-12-09,52.50000
2011-12-12,51.54000
2011-12-13,51.72000
2011-12-14,51.28000
2011-12-15,51.16000
2011-12-16,50.29000
2011-12-19,49.67000
2011-12-20,49.05000
2011-12-21,50.09000
2011-12-22,50.54000
2011-12-23,50.34000
2011-12-26,50.83000
2011-12-27,50.57000
2011-12-28,50.09000
2011-12-29,49.89000
2011-12-30,49.93000
2012-01-02,49.90000
2012-01-03,50.95000
2012-01-04,50.81000
2012-01-05,50.81000
2012-01-06,50.84000
2012-01-09,50.90000
2012-01-10,51.85000
2012-01-11,51.93000
2012-01-12,51.97000
2012-01-13,52.29000
2012-01-16,52.23000
2012-01-17,53.07000
2012-01-18,52.89000
2012-01-19,53.50000
2012-01-20,53.84000
2012-01-23,53.73000
2012-01-24,54.46000
2012-01-25,54.88000
2012-01-27,55.33000
2012-01-30,54.38000
2012-01-31,55.29000
2012-02-01,55.61000
2012-02-02,56.02000
2012-02-03,56.65000
2012-02-06,57.20000
2012-02-07,56.95000
2012-02-08,57.23000
2012-02-09,57.54000
2012-02-10,57.36000
2012-02-13,57.53000
2012-02-14,57.87000
2012-02-15,59.01000
2012-02-17,59.40000
2012-02-21,59.70000
2012-02-22,58.60000
2012-02-23,58.58000
2012-02-24,58.12000
2012-02-27,56.86000
2012-02-28,57.97000
2012-02-29,58.11000
2012-03-01,57.81000
2012-03-02,57.81000
2012-03-05,57.25000
2012-03-06,56.99000
2012-03-07,56.95000
2012-03-09,58.10000
2012-03-12,58.30000
2012-03-13,58.83000
2012-03-14,59.16000
2012-03-15,58.47000
2012-03-16,57.94000
2012-03-19,57.34000
2012-03-20,57.51000
2012-03-21,58.52000
2012-03-22,57.38000
2012-03-26,56.87000
2012-03-27,57.32000
2012-03-28,56.95000
2012-03-29,57.11000
2012-03-30,58.35000
2012-04-03,59.22000
2012-04-04,58.86000
2012-04-09,58.08000
2012-04-10,58.18000
2012-04-11,57.96000
2012-04-12,58.32000
2012-04-13,57.83000
2012-04-16,57.96000
2012-04-17,58.54000
2012-04-18,58.79000
2012-04-19,59.32000
2012-04-20,58.95000
2012-04-23,57.95000
2012-04-24,58.08000
2012-04-25,57.84000
2012-04-26,57.60000
2012-04-27,57.60000
2012-04-30,58.15000
2012-05-02,58.23000
2012-05-03,57.78000
2012-05-04,56.91000
2012-05-07,57.17000
2012-05-08,56.19000
2012-05-09,55.80000
2012-05-10,55.95000
2012-05-11,55.62000
2012-05-14,55.27000
2012-05-15,55.74000
2012-05-16,55.18000
2012-05-17,55.26000
2012-05-18,55.34000
2012-05-21,55.44000
2012-05-22,55.14000
2012-05-23,54.90000
2012-05-24,55.57000
2012-05-25,55.63000
2012-05-28,56.10000
2012-05-29,56.05000
2012-05-30,55.45000
2012-05-31,55.40000
2012-06-01,54.64000
2012-06-04,54.68000
2012-06-05,54.84000
2012-06-06,55.88000
2012-06-07,56.30000
2012-06-08,56.33000
2012-06-11,56.19000
2012-06-12,56.62000
2012-06-13,56.73000
2012-06-14,56.09000
2012-06-15,56.86000
2012-06-18,56.12000
2012-06-19,56.51000
2012-06-20,56.82000
2012-06-21,57.16000
2012-06-22,57.29000
2012-06-25,56.89000
2012-06-26,56.96000
2012-06-27,57.30000
2012-06-28,57.32000
2012-06-29,58.58000
2012-07-03,58.89000
2012-07-04,59.03000
2012-07-05,59.40000
2012-07-06,59.33000
2012-07-09,58.92000
2012-07-10,59.58000
2012-07-11,59.37000
2012-07-12,58.84000
2012-07-13,58.84000
2012-07-16,58.71000
2012-07-17,58.62000
2012-07-18,58.92000
2012-07-19,59.25000
2012-07-20,58.91000
2012-07-23,58.19000
2012-07-24,58.31000
2012-07-25,58.22000
2012-07-26,57.61000
2012-07-27,57.92000
2012-07-30,58.84000
2012-07-31,59.14000
2012-08-01,59.35000
2012-08-02,59.31000
2012-08-03,59.13000
2012-08-06,59.68000
2012-08-07,60.17000
2012-08-08,60.26000
2012-08-09,60.13000
2012-08-10,60.06000
2012-08-13,60.31000
2012-08-14,60.67000
2012-08-16,60.63000
2012-08-17,60.80000
2012-08-21,61.26000
2012-08-22,61.09000
2012-08-23,61.13000
2012-08-24,60.87000
2012-08-27,60.55000
2012-08-28,60.28000
2012-08-29,60.04000
2012-08-30,60.24000
2012-08-31,60.06000
2012-09-03,59.84000
2012-09-04,59.83000
2012-09-05,59.46000
2012-09-06,59.61000
2012-09-07,60.48000
2012-09-10,60.78000
2012-09-11,61.08000
2012-09-12,61.39000
2012-09-13,61.34000
2012-09-14,62.15000
2012-09-17,62.38000
2012-09-18,62.41000
2012-09-20,62.07000
2012-09-21,63.43000
2012-09-24,63.28000
2012-09-25,63.42000
2012-09-26,63.38000
2012-09-27,63.39000
2012-09-28,64.07000
2012-10-01,64.34000
2012-10-03,64.59000
2012-10-04,65.00000
2012-10-05,64.54000
2012-10-08,63.91000
2012-10-09,64.23000
2012-10-10,63.70000
2012-10-11,64.25000
2012-10-12,64.16000
2012-10-15,64.29000
2012-10-16,63.88000
2012-10-17,64.01000
2012-10-18,64.80000
2012-10-19,64.41000
2012-10-22,64.71000
2012-10-23,64.58000
2012-10-25,64.72000
2012-10-26,64.20000
2012-10-29,64.06000
2012-10-30,63.26000
2012-10-31,63.44000
2012-11-01,63.66000
2012-11-02,64.15000
2012-11-05,64.25000
2012-11-06,64.40000
2012-11-07,64.66000
2012-11-08,64.43000
2012-11-09,63.97000
2012-11-12,64.18000
2012-11-15,63.70000
2012-11-16,63.20000
2012-11-19,62.87000
2012-11-20,62.78000
2012-11-21,63.20000
2012-11-22,63.87000
2012-11-23,63.70000
2012-11-26,63.86000
2012-11-27,64.77000
2012-11-29,65.80000
2012-11-30,66.47000
2012-12-03,66.45000
2012-12-04,66.60000
2012-12-05,66.78000
2012-12-06,67.17000
2012-12-07,66.98000
2012-12-10,66.86000
2012-12-11,66.68000
2012-12-12,66.52000
2012-12-13,66.28000
2012-12-14,66.62000
2012-12-17,66.50000
2012-12-18,66.81000
2012-12-19,67.12000
2012-12-20,66.95000
2012-12-21,66.17000
2012-12-24,66.27000
2012-12-26,66.75000
2012-12-27,66.50000
2012-12-28,66.90000
2012-12-31,67.05000
2013-01-01,67.56000
2013-01-02,67.86000
2013-01-03,68.05000
2013-01-04,68.14000
2013-01-07,67.81000
2013-01-08,67.90000
2013-01-09,67.71000
2013-01-10,67.59000
2013-01-11,67.08000
2013-01-14,67.82000
2013-01-15,68.07000
2013-01-16,67.42000
2013-01-17,67.84000
2013-01-18,68.15000
2013-01-21,68.29000
2013-01-22,67.76000
2013-01-23,67.65000
2013-01-24,66.96000
2013-01-25,67.71000
2013-01-28,67.66000
2013-01-29,67.21000
2013-01-30,67.21000
2013-01-31,66.93000
2013-02-01,66.66000
2013-02-04,66.34000
2013-02-05,66.02000
2013-02-06,66.00000
2013-02-07,65.76000
2013-02-08,65.38000
2013-02-11,65.21000
2013-02-12,65.51180
2013-02-13,65.63220
2013-02-14,65.06960
2013-02-15,64.98240
2013-02-18,65.09480
2013-02-19,65.65080
2013-02-20,65.71060
2013-02-21,64.77540
2013-02-22,64.81900
2013-02-25,64.72590
2013-02-26,63.69110
2013-02-27,64.07610
2013-02-28,62.92750
2013-03-01,63.12910
2013-03-04,62.74240
2013-03-05,63.73560
2013-03-06,64.20360
2013-03-07,64.76890
2013-03-08,65.49720
2013-03-11,65.44620
2013-03-12,65.15990
2013-03-13,64.45380
2013-03-14,65.09580
2013-03-15,64.71370
2013-03-18,64.25200
2013-03-19,63.39150
2013-03-20,62.77300
2013-03-21,62.37260
2013-03-22,62.15670
2013-03-25,61.86710
2013-03-26,61.99510
2013-03-28,62.60800
2013-04-01,62.82470
2013-04-02,63.32710
2013-04-03,62.68020
2013-04-04,61.69240
2013-04-05,61.47860
2013-04-08,61.35600
2013-04-09,60.87690
2013-04-10,61.39820
2013-04-11,61.77880
2013-04-12,61.53850
2013-04-15,61.79370
2013-04-16,63.00620
2013-04-17,63.05120
2013-04-18,63.82780
2013-04-22,64.33630
2013-04-23,64.37060
2013-04-25,64.88800
2013-04-26,64.45700
2013-04-29,64.81250
2013-04-30,65.09850
2013-05-02,65.83300
2013-05-03,65.21900
2013-05-06,65.47820
2013-05-07,66.12590
2013-05-08,66.37440
2013-05-09,66.25960
2013-05-10,66.78960
2013-05-13,65.91080
2013-05-14,66.16850
2013-05-15,67.50620
2013-05-16,67.94210
2013-05-17,68.11410
2013-05-20,67.80280
2013-05-21,67.26140
2013-05-22,67.00470
2013-05-23,65.64960
2013-05-24,66.01160
2013-05-27,66.67120
2013-05-28,66.96440
2013-05-29,66.78720
2013-05-30,67.09120
2013-05-31,65.98680
2013-06-03,65.62660
2013-06-04,65.51500
2013-06-05,65.47790
2013-06-06,65.48210
2013-06-07,65.32110
2013-06-10,65.05750
2013-06-11,64.05900
2013-06-12,63.73250
2013-06-13,62.97700
2013-06-14,64.17090
2013-06-17,64.70840
2013-06-18,64.33560
2013-06-19,64.49430
2013-06-20,62.87610
2013-06-21,62.87130
2013-06-24,62.07220
2013-06-25,62.05860
2013-06-26,61.95220
2013-06-27,62.78760
2013-06-28,64.13280
2013-07-01,64.51630
2013-07-02,64.30080
2013-07-03,63.45060
2013-07-04,64.11940
2013-07-05,64.22390
2013-07-08,63.71620
2013-07-09,64.02400
2013-07-10,63.76810
2013-07-11,64.84450
2013-07-12,65.39360
2013-07-15,65.73830
2013-07-16,64.92810
2013-07-17,64.77860
2013-07-18,65.22650
2013-07-19,65.24680
2013-07-22,65.23100
2013-07-23,65.57000
2013-07-24,64.68940
2013-07-25,64.01510
2013-07-26,63.72460
2013-07-29,63.29310
2013-07-30,62.47220
2013-07-31,62.38040
2013-08-01,62.18140
2013-08-02,61.76310
2013-08-05,61.70060
2013-08-06,60.34480
2013-08-07,59.93240
2013-08-08,60.25780
2013-08-12,60.72640
2013-08-13,61.81000
2013-08-14,62.22390
2013-08-16,60.14860
2013-08-19,59.09340
2013-08-20,58.68290
2013-08-21,57.79930
2013-08-22,58.69890
2013-08-23,59.39740
2013-08-26,59.43420
2013-08-27,57.84330
2013-08-28,57.61930
2013-08-29,58.81360
2013-08-30,59.34920
2013-09-02,60.04490
2013-09-03,58.38120
2013-09-04,59.34460
2013-09-05,60.60360
2013-09-06,61.41910
2013-09-10,63.15690
2013-09-11,63.60210
2013-09-12,63.19370
2013-09-13,63.00760
2013-09-16,62.99350
2013-09-17,63.18630
2013-09-18,63.70090
2013-09-19,65.41690
2013-09-20,64.88110
2013-09-23,63.85740
2013-09-24,63.81820
2013-09-25,63.66590
2013-09-26,63.86170
2013-09-27,63.75260
2013-09-30,63.05130
2013-10-01,63.44620
2013-10-03,64.61620
2013-10-04,64.88500
2013-10-07,65.03940
2013-10-08,65.27680
2013-10-09,66.02300
2013-10-10,66.35290
2013-10-11,67.04150
2013-10-14,67.33920
2013-10-15,66.90630
2013-10-17,66.44480
2013-10-18,67.71490
2013-10-21,67.72550
2013-10-22,67.83650
2013-10-23,67.53110
2013-10-24,67.38100
2013-10-25,67.26740
2013-10-28,67.00300
2013-10-29,68.07020
2013-10-30,68.46060
2013-10-31,68.92940
2013-11-01,69.18670
2013-11-05,68.96990
2013-11-06,68.92000
2013-11-07,68.57260
2013-11-08,68.25000
2013-11-11,67.68440
2013-11-12,67.12000
2013-11-13,66.82130
2013-11-14,67.64840
2013-11-18,68.74940
2013-11-19,68.79850
2013-11-20,68.02700
2013-11-21,66.88140
2013-11-22,66.85750
2013-11-25,67.93160
2013-11-26,67.44620
2013-11-27,67.58490
2013-11-28,67.95480
2013-11-29,68.79330
2013-12-02,69.37290
2013-12-03,69.42720
2013-12-04,68.98950
2013-12-05,69.70440
2013-12-06,69.93150
2013-12-09,70.87730
2013-12-10,70.63490
2013-12-11,70.56450
2013-12-12,69.92800
2013-12-13,69.23710
2013-12-16,69.24040
2013-12-17,69.16620
2013-12-18,70.04770
2013-12-19,69.84750
2013-12-20,70.83840
2013-12-23,71.02410
2013-12-24,70.98950
2013-12-26,71.29350
2013-12-27,71.69730
2013-12-30,71.55010
2013-12-31,71.76760
2014-01-01,71.76180
2014-01-02,70.83380
2014-01-03,70.94870
2014-01-06,70.95450
2014-01-07,70.73330
2014-01-08,70.99300
2014-01-09,71.04770
2014-01-10,71.13250
2014-01-13,72.08990
2014-01-14,71.95550
2014-01-15,72.33980
2014-01-16,72.32520
2014-01-17,71.61560
2014-01-20,72.14330
2014-01-21,72.45620
2014-01-22,72.88020
2014-01-23,72.51020
2014-01-24,71.65110
2014-01-27,70.23860
2014-01-28,70.12110
2014-01-29,69.93520
2014-01-30,69.29690
2014-01-31,69.91120
2014-02-03,69.31530
2014-02-04,69.17510
2014-02-05,69.39500
2014-02-06,69.39920
2014-02-07,69.54730
2014-02-10,69.48050
2014-02-11,69.71890
2014-02-12,70.10280
2014-02-13,69.39310
2014-02-14,69.73120
2014-02-17,70.13540
2014-02-18,70.59450
2014-02-19,71.08280
2014-02-20,70.60820
2014-02-21,71.36400
2014-02-24,72.01120
2014-02-25,72.22710
2014-02-26,72.70860
2014-02-28,73.36760
2014-03-03,72.74050
2014-03-04,73.34590
2014-03-05,73.69350
2014-03-06,74.58000
2014-03-07,75.44210
2014-03-10,75.41120
2014-03-11,75.14050
2014-03-12,75.31280
2014-03-13,75.10680
2014-03-14,75.00050
2014-03-18,75.17480
2014-03-19,75.30960
2014-03-20,75.09590
2014-03-21,75.22780
2014-03-24,76.07040
2014-03-25,76.18340
2014-03-26,75.97300
2014-03-27,76.37700
2014-03-28,77.16240
2014-03-31,77.35340
2014-04-01,77.53360
2014-04-02,77.98050
2014-04-03,77.96270
2014-04-04,77.56420
2014-04-07,77.33340
2014-04-09,78.36360
2014-04-10,78.30520
2014-04-11,78.28790
2014-04-15,78.13890
2014-04-16,77.46730
2014-04-17,78.45050
2014-04-21,79.16260
2014-04-22,79.55020
2014-04-23,79.78500
2014-04-25,79.34900
2014-04-28,79.29140
2014-04-29,78.83350
2014-04-30,78.47630
2014-05-02,78.65880
2014-05-05,78.54940
2014-05-06,78.90550
2014-05-07,78.58380
2014-05-08,78.51470
2014-05-09,80.51840
2014-05-12,81.89140
2014-05-13,82.80950
2014-05-14,82.68230
2014-05-15,82.68090
2014-05-16,83.84740
2014-05-19,84.89610
2014-05-20,85.10750
2014-05-21,85.18940
2014-05-22,85.88400
2014-05-23,87.10770
2014-05-26,87.36130
2014-05-27,86.86690
2014-05-28,87.26200
2014-05-29,86.50490
2014-05-30,86.67210
2014-06-02,88.38110
2014-06-03,88.64760
2014-06-04,88.68950
2014-06-05,89.56810
2014-06-06,90.86290
2014-06-09,91.55320
2014-06-10,91.52210
2014-06-11,91.44680
2014-06-12,92.36210
2014-06-13,91.01820
2014-06-16,90.88830
2014-06-17,92.31800
2014-06-18,91.67340
2014-06-19,91.80800
2014-06-20,91.31530
2014-06-23,91.08720
2014-06-24,92.11170
2014-06-25,91.69050
2014-06-26,91.27450
2014-06-27,92.16420
2014-06-30,93.69140
2014-07-01,94.00590
2014-07-02,95.55940
2014-07-03,95.96630
2014-07-04,96.69350
2014-07-07,97.04300
2014-07-08,94.43020
2014-07-09,93.94370
2014-07-10,93.42910
2014-07-11,91.85700
2014-07-14,91.80460
2014-07-15,93.03770
2014-07-16,94.28570
2014-07-17,94.49120
2014-07-18,94.79880
2014-07-21,95.24690
2014-07-22,95.85850
2014-07-23,96.13720
2014-07-24,96.30460
2014-07-25,95.79110
2014-07-28,95.01270
2014-07-30,95.76100
2014-07-31,95.18550
2014-08-01,94.04430
2014-08-04,94.83430
2014-08-05,95.40750
2014-08-06,94.49760
2014-08-07,93.90280
2014-08-08,92.81320
2014-08-11,93.47590
2014-08-12,94.51550
2014-08-13,94.87620
2014-08-14,95.69660
2014-08-18,97.15270
2014-08-19,97.71180
2014-08-20,98.01590
2014-08-21,98.66040
2014-08-22,99.29090
2014-08-25,99.07790
2014-08-26,99.00690
2014-08-27,99.45470
2014-08-28,99.58980
2014-09-01,100.52620
2014-09-02,101.13940
2014-09-03,101.73480
2014-09-04,101.89900
2014-09-05,102.17720
2014-09-08,103.07490
2014-09-09,103.52290
2014-09-10,102.68860
2014-09-11,102.86780
2014-09-12,103.02670
2014-09-15,102.85840
2014-09-16,100.48240
2014-09-17,100.96740
2014-09-18,103.12970
2014-09-19,102.81470
2014-09-22,103.40140
2014-09-23,101.67500
2014-09-24,101.15700
2014-09-25,99.53650
2014-09-26,100.62540
2014-09-29,101.35890
2014-09-30,101.45540
2014-10-01,101.30560
2014-10-07,100.33710
2014-10-08,99.98860
2014-10-09,101.46640
2014-10-10,100.18660
2014-10-13,100.62460
2014-10-14,100.24100
2014-10-16,98.27100
2014-10-17,98.08360
2014-10-20,99.20700
2014-10-21,99.66620
2014-10-22,100.49900
2014-10-27,100.54680
2014-10-28,100.99620
2014-10-29,101.58920
2014-10-30,102.42880
2014-10-31,104.38800
2014-11-03,104.41720
2014-11-05,104.88090
2014-11-07,105.47850
2014-11-10,105.26940
2014-11-11,106.04660
2014-11-12,106.78920
2014-11-13,106.58130
2014-11-14,107.29490
2014-11-17,107.87060
2014-11-18,107.82440
2014-11-19,107.03700
2014-11-20,107.26960
2014-11-21,107.76040
2014-11-24,108.43360
2014-11-25,107.33160
2014-11-26,107.39600
2014-11-27,107.56750
2014-11-28,108.82500
2014-12-01,108.67970
2014-12-02,108.46550
2014-12-03,109.20550
2014-12-04,109.54010
2014-12-05,108.92110
2014-12-08,107.47760
2014-12-09,105.88990
2014-12-10,106.30780
2014-12-11,105.91580
2014-12-12,105.19850
2014-12-15,104.55840
2014-12-16,102.60710
2014-12-17,102.21490
2014-12-18,104.49890
2014-12-19,105.19930
2014-12-22,106.17420
2014-12-23,105.96390
2014-12-24,105.33180
2014-12-26,105.65400
2014-12-29,106.28800
2014-12-30,106.55520
2014-12-31,107.03680
2015-01-01,107.19810
2015-01-02,108.41240
2015-01-05,108.49630
2015-01-06,105.55520
2015-01-07,105.31470
2015-01-08,106.91610
2015-01-09,107.32290
2015-01-12,108.02740
2015-01-13,107.75670
2015-01-14,108.01380
2015-01-15,110.44240
2015-01-16,110.84480
2015-01-19,111.44150
2015-01-20,112.63310
2015-01-21,112.97620
2015-01-22,113.81030
2015-01-23,114.37030
2015-01-27,115.64870
2015-01-28,115.88880
2015-01-29,116.11170
2015-01-30,115.22900
2015-02-02,115.47730
2015-02-03,114.53830
2015-02-04,113.53240
2015-02-05,113.45450
2015-02-06,112.31120
2015-02-09,110.40700
2015-02-10,111.00540
2015-02-11,112.42530
2015-02-12,113.64250
2015-02-13,115.12010
2015-02-16,114.70780
2015-02-18,115.62310
2015-02-19,116.36570
2015-02-20,115.88590
2015-02-23,114.77670
2015-02-24,114.61230
2015-02-25,114.26720
2015-02-26,113.62520
2015-02-27,115.71700
2015-03-02,118.25260
2015-03-03,119.06830
2015-03-04,117.71530
2015-03-05,118.45420
2015-03-09,116.51560
2015-03-10,116.15670
2015-03-11,115.57490
2015-03-12,116.55000
2015-03-13,115.10650
2015-03-16,115.32640
2015-03-17,116.53930
2015-03-18,116.44720
2015-03-19,115.82810
2015-03-20,114.82340
2015-03-23,114.36370
2015-03-24,113.94950
2015-03-25,114.01220
2015-03-26,112.14730
2015-03-27,112.20960
2015-03-30,114.09480
2015-03-31,114.32610
2015-04-01,115.66980
2015-04-06,116.57470
2015-04-07,116.71300
2015-04-08,117.36850
2015-04-09,117.46550
2015-04-10,117.34740
2015-04-13,117.73260
2015-04-15,116.51020
2015-04-16,116.28230
2015-04-17,113.93520
2015-04-20,111.76010
2015-04-21,111.25910
2015-04-22,111.55210
2015-04-23,111.05270
2015-04-24,109.32830
2015-04-27,107.47230
2015-04-28,108.98420
2015-04-29,109.65560
2015-04-30,109.85950
2015-05-04,111.50330
2015-05-05,111.22760
2015-05-06,108.27670
2015-05-07,107.09360
2015-05-08,109.14810
2015-05-11,111.05880
2015-05-12,108.64050
2015-05-13,110.48260
2015-05-14,110.58060
2015-05-15,111.87650
2015-05-18,113.46090
2015-05-19,113.61460
2015-05-20,114.46320
2015-05-21,114.41870
2015-05-22,114.93480
2015-05-25,114.64200
2015-05-26,114.20230
2015-05-27,113.46940
2015-05-28,113.10300
2015-05-29,114.89890
2015-06-01,114.68240
2015-06-02,112.25050
2015-06-03,110.98870
2015-06-04,111.54870
2015-06-05,111.56630
2015-06-08,110.21950
2015-06-09,110.37870
2015-06-10,111.33080
2015-06-11,109.28060
2015-06-12,109.46870
2015-06-15,109.72310
2015-06-16,109.84380
2015-06-17,110.72840
2015-06-18,112.03160
2015-06-19,112.59810
2015-06-22,114.49700
2015-06-23,114.71600
2015-06-24,114.19600
2015-06-25,115.10080
2015-06-26,115.11100
2015-06-29,113.98280
2015-06-30,114.85250
2015-07-01,115.92500
2015-07-02,116.06310
2015-07-03,116.77830
2015-07-06,117.42440
2015-07-07,117.28130
2015-07-08,115.42840
2015-07-09,114.79750
2015-07-10,115.34780
2015-07-13,116.63270
2015-07-14,116.40610
2015-07-15,117.30240
2015-07-16,118.60290
2015-07-17,118.60820
2015-07-20,118.86290
2015-07-21,117.46460
2015-07-22,118.17240
2015-07-23,117.63920
2015-07-24,116.55920
2015-07-27,114.85000
2015-07-28,114.56420
2015-07-29,115.51800
2015-07-30,116.06130
2015-07-31,117.46360
2015-08-03,117.49290
2015-08-04,117.91710
2015-08-05,118.68150
2015-08-06,118.93750
2015-08-07,118.95470
2015-08-10,118.59940
2015-08-11,117.64500
2015-08-12,115.80730
2015-08-13,115.89780
2015-08-14,117.76910
2015-08-17,117.20120
2015-08-18,117.73990
2015-08-19,118.16760
2015-08-20,116.67530
2015-08-21,115.73810
2015-08-24,108.25950
2015-08-25,109.06440
2015-08-26,108.29780
2015-08-27,111.19310
2015-08-28,111.61800
2015-08-31,110.92680
2015-09-01,109.13570
2015-09-02,108.97160
2015-09-03,110.34300
2015-09-04,108.04520
2015-09-07,106.43070
2015-09-08,107.46320
2015-09-09,109.02910
2015-09-10,109.14600
2015-09-11,109.41550
2015-09-14,110.54110
2015-09-15,109.95430
2015-09-16,110.28500
2015-09-18,111.83720
2015-09-21,111.95470
2015-09-22,109.86730
2015-09-23,110.14590
2015-09-24,110.29850
2015-09-28,109.46760
2015-09-29,109.89160
2015-09-30,111.13870
2015-10-01,111.14740
2015-10-05,113.50750
2015-10-06,113.98880
2015-10-07,113.73240
2015-10-08,113.15290
2015-10-09,113.54550
2015-10-12,113.24430
2015-10-13,112.93060
2015-10-14,112.60220
2015-10-15,113.56020
2015-10-16,113.99600
2015-10-19,114.94720
2015-10-20,115.55060
2015-10-21,115.25790
2015-10-23,115.42590
2015-10-26,114.76230
2015-10-27,114.31970
2015-10-28,113.39160
2015-10-29,112.64970
2015-10-30,111.94650
2015-11-02,111.50610
2015-11-03,111.74380
2015-11-04,111.66570
2015-11-05,110.34030
2015-11-06,110.34230
2015-11-09,110.25750
2015-11-10,108.72830
2015-11-13,108.72790
2015-11-16,108.62880
2015-11-17,109.22960
2015-11-18,108.09620
2015-11-19,109.85480
2015-11-20,109.89510
2015-11-23,109.99440
2015-11-24,109.93100
2015-11-26,110.18080
2015-11-27,110.78020
2015-11-30,110.78430
2015-12-01,110.98250
2015-12-02,110.78840
2015-12-03,109.94520
2015-12-04,109.16720
2015-12-07,109.27860
2015-12-08,108.41090
2015-12-09,106.97710
2015-12-10,107.81020
2015-12-11,106.87980
2015-12-14,107.17220
2015-12-15,108.02940
2015-12-16,108.30430
2015-12-17,109.40910
2015-12-18,108.57580
2015-12-21,109.40480
2015-12-22,108.87990
2015-12-23,109.66660
2015-12-24,109.64770
2015-12-28,110.31070
2015-12-29,110.43930
2015-12-30,110.03830
2015-12-31,110.46360
2016-01-01,111.07670
2016-01-04,108.96490
2016-01-05,108.76880
2016-01-06,108.65080
2016-01-07,105.95820
2016-01-08,106.79130
2016-01-11,106.27230
2016-01-12,105.22300
2016-01-13,105.28700
2016-01-14,104.25420
2016-01-15,102.47690
2016-01-18,100.30380
2016-01-19,101.70880
2016-01-20,99.77120
2016-01-21,99.46290
2016-01-22,101.33250
2016-01-25,101.63500
2016-01-27,101.74080
2016-01-28,101.57340
2016-01-29,103.02530
2016-02-01,102.97840
2016-02-02,101.32430
2016-02-03,99.98410
2016-02-04,99.95920
2016-02-05,101.27050
2016-02-08,100.43950
2016-02-09,99.10360
2016-02-10,98.25240
2016-02-11,95.21400
2016-02-12,94.72510
2016-02-15,97.55000
2016-02-16,95.79850
2016-02-17,96.58420
2016-02-18,97.54070
2016-02-19,97.45550
2016-02-22,97.83840
2016-02-23,96.68940
2016-02-24,95.56850
2016-02-25,94.77670
2016-02-26,95.24130
2016-02-29,94.90080
2016-03-01,97.33680
2016-03-02,99.33550
2016-03-03,100.43350
2016-03-04,100.62950
2016-03-08,100.84760
2016-03-09,101.37010
2016-03-10,100.90700
2016-03-11,101.38650
2016-03-14,102.04590
2016-03-15,101.16720
2016-03-16,101.34560
2016-03-17,101.71310
2016-03-18,102.68930
2016-03-21,104.34340
2016-03-22,104.98130
2016-03-23,104.83210
2016-03-28,103.14270
2016-03-29,103.00100
2016-03-30,104.63250
2016-03-31,105.12100
2016-04-01,104.98290
2016-04-04,105.55530
2016-04-05,103.88220
2016-04-06,104.39030
2016-04-07,103.91680
2016-04-08,104.17600
2016-04-11,105.51750
2016-04-12,106.32230
2016-04-13,107.49280
2016-04-18,108.55530
2016-04-20,108.76640
2016-04-21,108.27480
2016-04-22,108.19270
2016-04-25,107.76760
2016-04-26,108.66370
2016-04-27,108.67710
2016-04-28,107.36650
2016-04-29,107.27060
2016-05-02,107.57590
2016-05-03,106.93450
2016-05-04,106.18570
2016-05-05,106.39500
2016-05-06,106.46210
2016-05-09,107.72510
2016-05-10,107.76060
2016-05-11,107.89260
2016-05-12,108.62720
2016-05-13,107.91990
2016-05-16,108.03720
2016-05-17,108.02660
2016-05-18,107.85110
2016-05-19,107.05230
2016-05-20,106.03740
2016-05-23,105.36690
2016-05-24,105.26920
2016-05-25,107.03400
2016-05-26,108.43930
2016-05-27,109.84210
2016-05-30,110.51070
2016-05-31,110.60880
2016-06-01,110.68370
2016-06-02,111.56070
2016-06-03,111.68260
2016-06-06,111.59510
2016-06-07,112.19170
2016-06-08,112.32020
2016-06-09,111.74730
2016-06-10,111.09460
2016-06-13,110.20160
2016-06-14,110.17290
2016-06-15,111.33940
2016-06-16,110.68160
2016-06-17,110.98180
2016-06-20,111.49710
2016-06-21,111.34940
2016-06-22,111.02600
2016-06-23,111.90550
2016-06-24,109.82510
2016-06-27,110.46170
2016-06-28,110.76460
2016-06-29,112.10400
2016-06-30,112.82650
2016-07-01,113.56610
2016-07-04,114.34260
2016-07-05,113.95980
2016-07-07,114.17550
2016-07-08,113.98340
2016-07-11,115.57430
2016-07-12,116.08310
2016-07-13,115.62260
2016-07-14,116.24790
2016-07-15,115.76730
2016-07-18,115.79990
2016-07-19,116.07500
2016-07-20,116.64860
2016-07-21,116.11190
2016-07-22,116.76940
2016-07-25,117.71000
2016-07-26,117.44070
2016-07-27,118.02560
2016-07-28,118.62280
2016-07-29,118.72670
2016-08-01,118.96060
2016-08-02,118.56070
2016-08-03,117.10660
2016-08-04,117.11450
2016-08-05,118.71090
2016-08-08,119.73570
2016-08-09,119.31020
2016-08-10,117.85780
2016-08-11,117.93930
2016-08-12,118.77040
2016-08-16,118.65830
2016-08-17,118.88750
2016-08-18,119.48530
2016-08-19,119.68760
2016-08-22,119.09370
2016-08-23,118.68930
2016-08-24,119.37030
2016-08-25,119.08910
2016-08-26,119.19150
2016-08-29,119.27980
2016-08-30,120.51330
2016-08-31,121.35860
2016-09-01,121.22520
2016-09-02,121.68230
2016-09-06,123.73540
2016-09-07,123.64210
2016-09-08,124.02500
2016-09-09,123.11710
2016-09-12,120.95710
2016-09-14,121.86020
2016-09-15,121.62990
2016-09-16,122.03990
2016-09-19,122.16990
2016-09-20,121.87770
2016-09-21,121.93170
2016-09-22,123.33220
2016-09-23,122.78220
2016-09-26,121.95250
2016-09-27,121.58510
2016-09-28,122.22490
2016-09-29,119.36540
2016-09-30,120.88170
2016-10-03,123.01580
2016-10-04,123.28080
2016-10-05,123.30360
2016-10-06,123.16330
2016-10-07,123.09900
2016-10-10,123.13950
2016-10-13,121.36830
2016-10-14,121.71080
2016-10-17,120.98720
2016-10-18,122.72270
2016-10-19,122.53120
2016-10-20,122.52220
2016-10-21,122.62190
2016-10-24,122.73340
2016-10-25,122.65310
2016-10-26,121.02320
2016-10-27,120.24400
2016-10-28,121.02770
2016-11-01,121.23200
2016-11-02,119.32030
2016-11-03,118.28170
2016-11-04,117.21200
2016-11-07,118.08470
2016-11-08,118.65550
2016-11-09,117.62160
2016-11-10,119.49910
2016-11-11,116.52750
2016-11-15,112.92420
2016-11-16,112.93780
2016-11-17,112.49760
2016-11-18,112.82710
2016-11-21,110.34220
2016-11-22,111.25200
2016-11-23,111.94010
2016-11-24,111.16260
2016-11-25,113.06020
2016-11-28,113.59990
2016-11-29,113.81080
2016-11-30,114.72760
2016-12-01,114.10740
2016-12-02,112.65590
2016-12-05,113.11420
2016-12-06,113.44750
2016-12-07,112.74770
2016-12-08,114.54510
2016-12-09,114.80420
2016-12-12,113.49110
2016-12-13,113.93160
2016-12-14,113.62310
2016-12-15,113.64930
2016-12-16,113.39470
2016-12-19,112.75300
2016-12-20,111.88790
2016-12-21,111.59600
2016-12-22,110.07340
2016-12-23,110.24440
2016-12-26,108.85300
2016-12-27,110.44410
2016-12-28,110.80250
2016-12-29,111.77500
2016-12-30,112.78310
2017-01-02,113.19340
2017-01-03,113.41090
2017-01-04,113.33820
2017-01-05,114.46010
2017-01-06,113.90930
2017-01-09,114.05590
2017-01-10,114.86340
2017-01-11,115.89920
2017-01-12,115.93260
2017-01-13,116.20630
2017-01-16,116.46170
2017-01-17,116.54520
2017-01-18,117.18280
2017-01-19,117.20580
2017-01-20,115.67360
2017-01-23,115.99590
2017-01-24,117.36890
2017-01-25,118.57950
2017-01-27,118.97290
2017-01-30,118.60160
2017-01-31,117.25300
2017-02-01,119.63280
2017-02-02,119.98690
2017-02-03,120.73820
2017-02-06,121.78930
2017-02-07,121.43660
2017-02-08,121.39500
2017-02-09,121.84880
2017-02-10,121.69650
2017-02-13,121.55290
2017-02-14,120.78530
2017-02-15,119.24440
2017-02-16,120.30880
2017-02-17,121.12350
2017-02-20,121.60520
2017-02-21,122.35950
2017-02-22,122.22840
2017-02-23,122.36960
2017-02-27,122.02390
2017-02-28,122.01980
2017-03-01,122.79080
2017-03-02,121.73100
2017-03-03,121.72630
2017-03-06,122.36830
2017-03-07,122.02700
2017-03-08,121.64060
2017-03-09,121.76840
2017-03-10,121.77650
2017-03-14,123.77200
2017-03-15,124.67950
2017-03-16,125.56790
2017-03-17,125.44140
2017-03-20,125.19980
2017-03-21,124.88530
2017-03-22,123.53360
2017-03-23,124.47340
2017-03-24,125.46790
2017-03-27,124.87730
2017-03-28,125.55900
2017-03-29,125.99880
2017-03-30,126.39640
2017-03-31,126.69970
2017-04-03,127.65690
2017-04-05,128.36780
2017-04-06,128.11510
2017-04-07,127.35690
2017-04-10,127.36120
2017-04-11,128.13410
2017-04-12,127.65870
2017-04-13,127.16470
2017-04-17,126.90600
2017-04-18,126.67390
2017-04-19,126.91060
2017-04-20,127.21640
2017-04-21,127.14690
2017-04-24,127.91990
2017-04-25,129.09600
2017-04-26,129.39880
2017-04-27,129.18990
2017-04-28,129.09220
2017-05-02,128.72340
2017-05-03,128.51420
2017-05-04,129.55740
2017-05-05,128.56340
2017-05-08,129.44460
2017-05-09,129.58350
2017-05-10,131.32130
2017-05-11,131.51140
2017-05-12,131.10220
2017-05-15,131.81280
2017-05-16,132.70050
2017-05-17,132.57590
2017-05-18,130.25870
2017-05-19,130.22580
2017-05-22,129.71660
2017-05-23,128.81440
2017-05-24,127.68530
2017-05-25,130.10760
2017-05-26,131.69980
2017-05-29,130.99220
2017-05-30,131.79460
2017-05-31,132.67930
2017-06-01,133.00900
2017-06-02,133.69650
2017-06-05,134.02880
2017-06-06,132.92640
2017-06-07,133.67990
2017-06-08,133.69750
2017-06-09,134.03600
2017-06-12,132.88290
2017-06-13,132.66500
2017-06-14,132.91940
2017-06-15,132.78450
2017-06-16,133.41420
2017-06-19,134.37490
2017-06-20,134.50540
2017-06-21,134.38410
2017-06-22,134.28470
2017-06-23,133.07620
2017-06-27,132.01520
2017-06-28,131.92430
2017-06-29,132.35490
2017-06-30,133.11300
2017-07-03,134.52080
2017-07-04,134.33990
2017-07-05,135.05870
2017-07-06,135.48300
2017-07-07,135.48520
2017-07-10,136.42900
2017-07-11,136.30290
2017-07-12,136.94200
2017-07-13,138.42750
2017-07-14,138.67920
2017-07-17,138.79990
2017-07-18,137.01330
2017-07-19,138.20400
2017-07-20,137.35510
2017-07-21,137.60500
2017-07-24,137.92410
2017-07-25,138.42990
2017-07-26,138.94120
2017-07-27,138.45940
2017-07-28,138.33610
2017-07-31,139.35580
2017-08-01,139.61040
2017-08-02,139.48010
2017-08-03,138.49500
2017-08-04,138.96510
2017-08-07,139.15160
2017-08-08,137.90130
2017-08-09,136.60890
2017-08-10,134.49060
2017-08-11,133.27290
2017-08-14,134.85850
2017-08-16,136.25270
2017-08-17,136.23250
2017-08-18,135.81360
2017-08-21,134.62330
2017-08-22,134.75420
2017-08-23,135.86430
2017-08-24,136.04940
2017-08-28,137.10250
2017-08-29,135.71050
2017-08-30,137.08320
2017-08-31,137.39960
2017-09-01,138.35450
2017-09-04,137.35990
2017-09-05,138.10170
2017-09-06,137.56220
2017-09-07,137.45790
2017-09-08,137.32590
2017-09-11,137.94770
2017-09-12,139.45800
2017-09-13,139.06770
2017-09-14,139.28120
2017-09-15,139.17880
2017-09-18,139.82710
2017-09-19,140.16360
2017-09-20,139.89070
2017-09-21,139.00710
2017-09-22,136.54390
2017-09-25,134.70020
2017-09-26,134.93000
2017-09-27,133.05370
2017-09-28,133.58530
2017-09-29,134.40710
2017-10-03,135.39500
2017-10-04,136.02270
2017-10-05,135.59210
2017-10-06,136.75510
2017-10-09,136.71120
2017-10-10,137.18420
2017-10-11,136.82000
2017-10-12,138.10660
2017-10-13,138.78320
2017-10-16,139.93160
2017-10-17,140.53010
2017-10-18,139.94800
2017-10-23,140.22480
2017-10-24,140.62170
2017-10-25,143.69800
2017-10-26,143.77090
2017-10-27,143.56460
2017-10-30,144.46380
2017-10-31,144.10770
2017-11-01,146.17100
2017-11-02,146.29500
2017-11-03,146.70910
2017-11-06,146.81540
2017-11-07,145.02140
2017-11-08,144.11090
2017-11-09,144.58840
2017-11-10,145.10880
2017-11-13,144.17660
2017-11-14,143.72800
2017-11-15,142.64130
2017-11-16,143.93850
2017-11-17,144.85090
2017-11-20,144.94340
2017-11-21,145.37610
2017-11-22,145.53270
2017-11-23,145.66150
2017-11-24,145.97600
2017-11-27,146.29470
2017-11-28,146.10710
2017-11-29,146.05670
2017-11-30,144.33900
2017-12-01,142.91280
2017-12-04,142.57390
2017-12-05,142.79940
2017-12-06,141.55590
2017-12-07,144.11190
2017-12-08,145.21100
2017-12-11,145.82240
2017-12-12,144.51390
2017-12-13,143.64110
2017-12-14,144.32710
2017-12-15,145.25960
2017-12-18,146.22770
2017-12-19,148.22260
2017-12-20,148.21460
2017-12-21,148.88860
2017-12-22,149.37530
2017-12-26,149.97840
2017-12-27,149.48020
2017-12-28,149.37300
2017-12-29,150.02270
2018-01-01,149.35200
2018-01-02,149.07420
2018-01-03,149.83250
2018-01-04,151.21960
2018-01-05,152.59920
2018-01-08,153.32510
2018-01-09,152.95530
2018-01-10,152.64090
2018-01-11,153.08840
2018-01-12,153.37890
2018-01-15,153.61070
2018-01-16,151.57140
2018-01-17,153.09610
2018-01-18,152.04230
2018-01-19,153.04480
2018-01-22,153.95810
2018-01-23,155.05500
2018-01-24,153.97230
2018-01-25,153.15750
2018-01-29,152.50270
2018-01-30,151.57490
2018-01-31,151.11370
2018-02-01,151.09180
2018-02-02,146.25860
2018-02-05,146.01880
2018-02-06,143.53340
2018-02-07,144.03240
2018-02-08,145.82220
2018-02-09,144.44030
2018-02-12,145.55200
2018-02-14,145.46310
2018-02-15,145.32740
2018-02-16,143.80960
2018-02-19,142.71230
2018-02-20,142.45450
2018-02-21,142.42590
2018-02-22,141.75850
2018-02-23,143.85090
2018-02-26,145.19010
2018-02-27,144.62630
2018-02-28,143.64760
2018-03-01,143.06430
2018-03-05,141.85050
2018-03-06,139.75910
2018-03-07,137.74640
2018-03-08,138.59070
2018-03-09,138.39870
2018-03-12,140.03690
2018-03-13,140.82580
2018-03-14,140.87820
2018-03-15,140.72010
2018-03-16,139.17550
2018-03-19,137.28610
2018-03-20,137.52900
2018-03-21,137.80720
2018-03-22,136.87650
2018-03-23,135.50240
2018-03-26,137.31770
2018-03-27,138.42850
2018-03-28,137.12700
2018-04-02,138.09260
2018-04-03,139.46530
2018-04-04,137.88070
2018-04-05,140.37940
2018-04-06,140.80170
2018-04-09,141.20690
2018-04-10,141.60540
2018-04-11,141.80590
2018-04-12,141.90030
2018-04-13,141.84810
2018-04-16,142.16710
2018-04-17,142.45440
2018-04-18,141.95200
2018-04-19,142.96930
2018-04-20,142.54030
2018-04-23,142.77820
2018-04-24,143.07400
2018-04-25,142.38870
2018-04-26,142.24700
2018-04-27,143.75480
2018-04-30,144.12420
2018-05-02,142.81860
2018-05-03,141.49510
2018-05-04,140.68820
2018-05-07,141.90710
2018-05-08,142.04650
2018-05-09,142.23220
2018-05-10,141.09380
2018-05-11,141.51020
2018-05-14,140.78210
2018-05-15,140.14630
2018-05-16,139.30130
2018-05-17,138.99930
2018-05-18,137.17720
2018-05-21,135.88440
2018-05-22,136.68270
2018-05-23,136.18680
2018-05-24,137.31790
2018-05-25,138.69250
2018-05-28,140.13040
2018-05-29,139.29460
2018-05-30,139.02590
2018-05-31,139.62080
2018-06-01,138.63930
2018-06-04,137.28570
2018-06-05,135.96140
2018-06-06,137.52190
2018-06-07,139.09340
2018-06-08,139.56400
2018-06-11,139.80380
2018-06-12,140.50470
2018-06-13,140.51310
2018-06-14,139.94830
2018-06-15,139.39210
2018-06-18,139.21380
2018-06-19,137.68020
2018-06-20,137.97280
2018-06-21,137.52470
2018-06-22,138.48260
2018-06-25,136.81560
2018-06-26,136.54610
2018-06-27,134.51650
2018-06-28,132.64400
2018-06-29,134.72810
2018-07-02,133.48200
2018-07-03,134.02330
2018-07-04,134.34860
2018-07-05,133.71970
2018-07-06,134.31500
2018-07-09,135.39270
2018-07-10,136.52280
2018-07-11,135.68210
2018-07-12,135.96460
2018-07-13,135.21980
2018-07-16,132.85510
2018-07-17,134.59110
2018-07-18,133.42210
2018-07-19,133.25330
2018-07-20,134.02350
2018-07-23,135.24970
2018-07-24,136.94200
2018-07-25,136.97560
2018-07-26,138.22100
2018-07-27,139.75720
2018-07-30,141.08490
2018-07-31,141.43980
2018-08-01,141.26920
2018-08-02,140.57580
2018-08-03,141.87930
2018-08-06,142.91440
2018-08-07,142.63120
2018-08-08,142.89920
2018-08-09,143.75250
2018-08-10,142.65120
2018-08-13,141.53330
2018-08-14,142.65370
2018-08-16,142.46670
2018-08-17,143.68630
2018-08-20,144.57110
2018-08-21,145.38760
2018-08-23,145.65240
2018-08-24,145.21520
2018-08-27,146.87190
2018-08-28,146.61430
2018-08-29,146.49930
2018-08-30,147.13970
2018-08-31,147.64530
2018-09-03,146.91530
2018-09-04,144.67440
2018-09-05,144.06910
2018-09-06,145.03810
2018-09-07,145.86940
2018-09-10,144.04500
2018-09-11,142.10730
2018-09-12,142.77350
2018-09-14,144.60610
2018-09-17,143.38320
2018-09-18,141.72990
2018-09-19,141.12400
2018-09-21,139.43060
2018-09-24,136.63680
2018-09-25,137.64250
2018-09-26,137.89080
2018-09-27,136.16200
2018-09-28,135.03570
2018-10-01,135.76280
2018-10-03,134.20720
2018-10-04,131.96790
2018-10-05,128.86770
2018-10-08,128.58030
2018-10-09,127.81830
2018-10-10,130.53410
2018-10-11,128.26090
2018-10-12,130.40720
2018-10-15,131.10880
2018-10-16,132.71870
2018-10-17,131.09260
2018-10-19,129.44000
2018-10-22,128.82970
2018-10-23,127.68860
2018-10-24,128.70800
2018-10-25,127.06670
2018-10-26,125.94490
2018-10-29,129.36830
2018-10-30,129.40040
2018-10-31,131.83590
2018-11-01,132.30240
2018-11-02,133.92990
2018-11-05,133.91720
2018-11-06,133.49550
2018-11-09,134.83970
2018-11-12,133.72320
2018-11-13,134.42410
2018-11-14,134.29610
2018-11-15,134.83280
2018-11-16,135.95320
2018-11-19,136.61380
2018-11-20,135.13780
2018-11-21,135.21450
2018-11-22,134.10450
2018-11-26,135.15060
2018-11-27,135.56310
2018-11-28,135.20840
2018-11-29,135.93450
2018-11-30,136.11290
2018-12-03,136.36670
2018-12-04,136.32960
2018-12-05,134.70230
2018-12-06,132.38750
2018-12-07,132.89550
2018-12-10,130.53440
2018-12-11,132.06860
2018-12-12,134.72880
2018-12-13,135.76370
2018-12-14,135.88740
2018-12-17,136.59070
2018-12-18,136.99650
2018-12-19,138.29810
2018-12-20,138.23040
2018-12-21,136.27570
2018-12-24,135.24810
2018-12-26,135.89830
2018-12-27,136.12540
2018-12-28,137.31820
2018-12-31,137.51500
2019-01-01,137.96940
2019-01-02,136.75870
2019-01-03,135.55800
2019-01-04,136.40670
2019-01-07,136.95680
2019-01-08,137.65450
2019-01-09,138.12070
2019-01-10,138.61810
2019-01-11,138.50410
2019-01-14,138.03380
2019-01-15,139.34450
2019-01-16,139.62440
2019-01-17,139.55450
2019-01-18,138.71630
2019-01-21,138.74480
2019-01-22,138.21150
2019-01-23,137.04350
2019-01-24,136.83700
2019-01-25,135.95330
2019-01-28,134.18900
2019-01-29,134.51020
2019-01-30,135.28340
2019-01-31,136.73390
2019-02-01,136.94880
2019-02-04,136.29610
2019-02-05,135.52890
2019-02-06,136.85270
2019-02-07,137.31930
2019-02-08,135.67580
2019-02-11,134.45650
2019-02-12,133.84430
2019-02-13,133.11150
2019-02-14,132.88190
2019-02-15,132.33470
2019-02-18,131.30830
2019-02-19,131.77010
2019-02-20,132.87430
2019-02-21,133.80980
2019-02-22,134.43100
2019-02-25,135.07340
2019-02-26,134.38820
2019-02-27,134.49360
2019-02-28,134.67050
2019-03-01,135.87110
2019-03-05,138.00310
2019-03-06,139.16020
2019-03-07,139.22060
2019-03-08,138.61880
2019-03-11,140.98400
2019-03-12,142.25510
2019-03-13,141.91450
2019-03-14,141.78270
2019-03-15,142.21090
2019-03-18,142.16550
2019-03-19,143.22500
2019-03-20,143.05050
2019-03-22,142.07220
2019-03-25,140.37840
2019-03-26,141.45050
2019-03-27,142.06090
2019-03-28,143.37560
2019-03-29,144.67910
2019-04-01,145.61440
2019-04-02,146.03310
2019-04-03,144.32900
2019-04-04,143.72050
2019-04-05,144.41050
2019-04-08,144.06340
2019-04-09,144.71950
2019-04-10,144.09110
2019-04-11,144.56420
2019-04-12,145.26410
2019-04-15,145.79700
2019-04-16,146.58670
2019-04-18,145.77130
2019-04-22,143.87170
2019-04-23,143.94720
2019-04-24,144.76660
2019-04-25,143.90810
2019-04-26,144.61200
2019-04-30,143.99040
2019-05-02,143.66510
2019-05-03,143.66040
2019-05-06,142.61680
2019-05-07,141.12710
2019-05-08,139.11760
2019-05-09,138.53530
2019-05-10,138.51050
2019-05-13,136.31470
2019-05-14,137.35230
2019-05-15,136.30550
2019-05-16,136.84760
2019-05-17,137.71700
2019-05-20,143.21020
2019-05-21,141.16610
2019-05-22,141.80040
2019-05-23,141.82900
2019-05-24,145.27540
2019-05-27,147.40600
2019-05-28,147.31140
2019-05-29,145.72170
2019-05-30,146.24050
2019-05-31,146.07900
2019-06-03,147.21030
2019-06-04,146.48470
2019-06-06,144.05060
2019-06-07,144.47090
2019-06-10,144.53870
2019-06-11,145.18360
2019-06-12,144.10590
2019-06-13,143.91890
2019-06-14,142.80660
2019-06-17,140.63150
2019-06-18,140.86610
2019-06-19,140.25330
2019-06-20,142.22140
2019-06-21,141.53380
2019-06-24,141.40290
2019-06-25,142.45720
2019-06-26,143.74660
2019-06-27,143.62590
2019-06-28,143.19050
2019-07-01,144.10870
2019-07-02,144.53630
2019-07-03,144.65170
2019-07-04,145.09090
2019-07-05,143.58210
2019-07-08,140.50080
2019-07-09,141.07780
2019-07-10,140.00480
2019-07-11,140.80430
2019-07-12,140.99090
2019-07-15,140.96640
2019-07-16,141.59090
2019-07-17,142.31470
2019-07-18,140.73510
2019-07-19,139.07030
2019-07-22,138.51490
2019-07-23,138.43180
2019-07-24,137.28290
2019-07-25,137.36190
2019-07-26,137.58800
2019-07-29,136.23210
2019-07-30,134.46130
2019-07-31,135.03680
2019-08-01,132.98590
2019-08-02,133.07190
2019-08-05,131.34940
2019-08-06,132.73380
2019-08-07,131.62280
2019-08-08,132.99590
2019-08-09,133.76330
2019-08-13,130.85480
2019-08-14,132.31750
2019-08-16,132.93790
2019-08-19,133.00070
2019-08-20,131.97370
2019-08-21,130.22830
2019-08-22,128.37580
2019-08-23,129.15610
2019-08-26,131.68340
2019-08-27,132.52040
2019-08-28,132.17140
2019-08-29,131.03890
2019-08-30,131.85800
2019-09-03,129.26430
2019-09-04,129.73060
2019-09-05,130.14090
2019-09-06,131.45170
2019-09-09,132.36700
2019-09-11,133.00740
2019-09-12,132.75820
2019-09-13,133.61220
2019-09-16,133.07440
2019-09-17,130.73960
2019-09-18,131.00230
2019-09-19,129.90670
2019-09-20,136.23590
2019-09-23,139.54490
2019-09-24,139.08150
2019-09-25,136.75450
2019-09-26,138.51280
2019-09-27,138.31220
2019-09-30,137.46710
2019-10-01,135.85380
2019-10-03,135.24240
2019-10-04,133.28370
2019-10-07,132.47540
2019-10-09,134.79380
2019-10-10,133.78750
2019-10-11,134.21020
2019-10-14,134.91830
2019-10-15,135.64060
2019-10-16,136.33180
2019-10-17,138.27540
2019-10-18,139.76470
2019-10-22,139.28600
2019-10-23,139.75070
2019-10-24,138.65030
2019-10-25,138.88680
2019-10-29,141.84140
2019-10-30,143.27970
2019-10-31,143.40810
2019-11-01,143.57090
2019-11-04,144.21720
2019-11-05,143.36010
2019-11-06,144.01150
2019-11-07,144.06520
2019-11-08,143.16520
2019-11-11,143.71550
2019-11-13,142.64830
2019-11-14,142.87920
2019-11-15,143.26050
2019-11-18,143.20970
2019-11-19,143.52610
2019-11-20,143.90180
2019-11-21,143.58670
2019-11-22,142.97560
2019-11-25,144.39880
2019-11-26,143.67820
2019-11-27,143.88990
2019-11-28,144.24280
2019-11-29,143.66140
2019-12-02,143.50430
2019-12-03,142.50270
2019-12-04,143.26670
2019-12-05,142.63690
2019-12-06,140.99370
2019-12-09,140.87740
2019-12-10,139.63580
2019-12-11,139.61840
2019-12-12,140.64120
2019-12-13,142.14780
2019-12-16,141.65810
2019-12-17,142.79410
2019-12-18,143.22200
2019-12-19,143.56100
2019-12-20,143.51120
2019-12-23,143.48170
2019-12-24,143.06370
2019-12-26,142.18810
2019-12-27,143.42310
2019-12-30,143.48210
2019-12-31,143.01050
2020-01-01,143.44090
2020-01-02,145.17740
2020-01-03,145.05670
2020-01-06,142.26060
2020-01-07,143.18460
2020-01-08,143.05620
2020-01-09,145.02440
2020-01-10,145.91490
2020-01-13,146.96930
2020-01-14,147.42880
2020-01-15,147.76190
2020-01-16,147.82800
2020-01-17,148.36040
2020-01-20,147.94580
2020-01-21,147.36030
2020-01-22,147.40950
2020-01-23,148.63950
2020-01-24,149.81360
2020-01-27,149.11120
2020-01-28,148.23480
2020-01-29,148.89160
2020-01-30,147.46070
2020-01-31,146.52370
2020-02-03,142.10000
2020-02-04,145.06630
2020-02-05,146.95260
2020-02-06,147.58570
2020-02-07,147.46200
2020-02-10,146.23030
2020-02-11,146.71180
2020-02-12,146.99250
2020-02-13,146.81670
2020-02-14,146.12630
2020-02-17,145.07900
2020-02-18,144.53270
2020-02-19,146.12590
2020-02-20,146.34780
2020-02-24,143.68970
2020-02-25,143.22200
2020-02-26,141.98760
2020-02-27,141.38760
2020-02-28,136.53390
2020-03-02,134.98930
2020-03-03,136.99130
2020-03-04,136.06490
2020-03-05,136.22980
2020-03-06,133.46310
2020-03-09,127.63910
2020-03-11,126.97470
2020-03-12,117.05580
2020-03-13,121.32780
2020-03-16,113.44390
2020-03-17,110.47790
2020-03-18,105.70800
2020-03-19,103.16300
2020-03-20,107.08900
2020-03-23,94.43330
2020-03-24,95.56090
2020-03-25,99.85700
2020-03-26,103.31610
2020-03-27,103.28380
2020-03-30,101.05270
2020-03-31,104.77180
2020-04-01,101.67180
2020-04-03,100.86990
2020-04-07,107.12330
2020-04-08,107.63520
2020-04-09,112.28560
2020-04-13,112.03570
2020-04-15,112.02360
2020-04-16,113.27760
2020-04-17,116.24400
2020-04-20,115.98570
2020-04-21,113.02380
2020-04-22,114.24070
2020-04-23,115.32490
2020-04-24,113.58120
2020-04-27,115.31000
2020-04-28,115.75420
2020-04-29,117.52640
2020-04-30,120.05470
2020-05-04,115.67990
2020-05-05,114.54020
2020-05-06,115.28740
2020-05-07,114.53860
2020-05-08,114.51740
2020-05-11,114.92270
2020-05-12,114.68290
2020-05-13,116.51710
2020-05-14,114.35810
2020-05-15,114.12410
2020-05-18,110.80810
2020-05-19,111.57530
2020-05-20,113.74840
2020-05-21,114.13710
2020-05-22,113.71550
2020-05-26,113.62920
2020-05-27,115.11070
2020-05-28,116.58160
2020-05-29,118.11660
2020-06-01,120.18390
2020-06-02,122.24220
2020-06-03,122.76060
2020-06-04,122.68780
2020-06-05,124.48610
2020-06-08,124.88900
2020-06-09,123.77920
2020-06-10,124.69360
2020-06-11,122.20980
2020-06-12,123.06630
2020-06-15,122.15730
2020-06-16,122.65910
2020-06-17,122.47230
2020-06-18,124.10640
2020-06-19,125.58430
2020-06-22,127.38080
2020-06-23,129.38450
2020-06-24,127.57940
2020-06-25,127.67560
2020-06-26,128.20970
2020-06-29,127.07330
2020-06-30,127.46750
2020-07-01,128.13670
2020-07-02,129.68780
2020-07-03,130.63630
2020-07-06,132.25570
2020-07-07,132.21720
2020-07-08,131.39590
2020-07-09,132.68800
2020-07-10,131.89110
2020-07-13,132.60200
2020-07-14,130.92290
2020-07-15,130.52960
2020-07-16,131.81320
2020-07-17,133.61950
2020-07-20,134.78950
2020-07-21,136.21190
2020-07-22,135.75600
2020-07-23,137.16910
2020-07-24,136.80140
2020-07-27,136.51060
2020-07-28,138.47350
2020-07-29,137.92240
2020-07-30,137.16590
2020-07-31,137.71300
2020-08-03,136.62810
2020-08-04,138.54830
2020-08-05,139.03120
2020-08-06,139.93630
2020-08-07,139.96930
2020-08-10,143.00090
2020-08-11,143.01030
2020-08-12,142.64410
2020-08-13,142.84920
2020-08-14,141.81250
2020-08-17,142.19610
2020-08-18,143.16330
2020-08-19,144.08190
2020-08-20,143.43790
2020-08-21,144.20320
2020-08-24,144.42610
2020-08-25,144.75000
2020-08-26,145.18390
2020-08-27,145.62450
2020-08-28,146.57070
2020-08-31,141.56220
2020-09-01,142.49080
2020-09-02,144.22410
2020-09-03,144.07910
2020-09-04,141.54690
2020-09-07,141.24590
2020-09-08,140.26720
2020-09-09,139.86680
2020-09-10,141.74940
2020-09-11,142.20750
2020-09-14,143.18270
2020-09-15,144.37550
2020-09-16,145.34120
2020-09-17,144.70050
2020-09-18,144.90100
2020-09-21,141.08960
2020-09-22,139.69800
2020-09-23,139.33580
2020-09-24,135.39640
2020-09-25,138.50510
2020-09-28,141.03560
2020-09-29,141.19600
2020-09-30,141.30170
2020-10-01,142.56860
2020-10-05,143.11840
2020-10-06,144.09190
2020-10-07,144.15430
2020-10-08,144.88460
2020-10-09,145.36340
2020-10-12,144.76790
2020-10-13,145.01710
2020-10-14,145.17940
2020-10-15,142.13100
2020-10-16,143.40430
2020-10-19,144.41970
2020-10-20,144.72150
2020-10-21,144.79860
2020-10-22,145.01500
2020-10-23,145.64180
2020-10-26,143.59190
2020-10-27,145.27000
2020-10-28,143.78130
2020-10-29,142.64530
2020-10-30,142.66090
2020-11-02,142.52660
2020-11-03,143.61850
2020-11-04,144.76500
2020-11-05,147.06990
2020-11-06,148.06450
2020-11-09,149.26820
2020-11-10,148.90810
2020-11-11,150.63570
2020-11-12,150.97560
2020-11-13,151.24760
2020-11-17,153.27530
2020-11-18,154.94430
2020-11-19,153.48760
2020-11-20,154.64900
2020-11-23,155.33840
2020-11-24,156.87880
2020-11-25,155.36830
2020-11-26,156.64290
2020-11-27,157.34220
2020-12-01,159.63730
2020-12-02,160.19520
2020-12-03,160.92310
2020-12-04,161.82630
2020-12-07,163.37620
2020-12-08,164.02710
2020-12-09,164.90080
2020-12-10,164.12140
2020-12-11,164.15680
2020-12-14,165.24240
2020-12-15,165.39800
2020-12-16,166.93890
2020-12-17,167.16990
2020-12-18,167.87310
2020-12-21,161.54130
2020-12-22,163.46460
2020-12-23,165.66150
2020-12-24,167.74870
2020-12-28,169.10160
2020-12-29,169.66730
2020-12-30,169.95060
2020-12-31,169.99250
2021-01-01,171.03530
2021-01-04,173.27760
2021-01-05,173.98100
2021-01-06,174.02890
2021-01-07,175.08460
2021-01-08,177.44780
2021-01-11,178.74210
2021-01-12,179.68320
2021-01-13,179.95030
2021-01-14,180.33480
2021-01-15,178.15760
2021-01-18,175.74270
2021-01-19,178.52540
2021-01-20,180.17250
2021-01-21,178.95160
2021-01-22,176.83670
2021-01-25,175.58920
2021-01-27,173.67780
2021-01-28,172.47330
2021-01-29,170.72410
2021-02-01,176.30770
2021-02-02,181.15940
2021-02-03,182.65410
2021-02-04,184.15260
2021-02-05,183.70630
2021-02-08,185.57590
2021-02-09,185.34100
2021-02-10,185.55970
2021-02-11,186.26640
2021-02-12,186.15010
2021-02-15,187.95150
2021-02-16,188.09730
2021-02-17,187.37780
2021-02-18,187.63570
2021-02-19,185.16230
2021-02-22,180.97690
2021-02-23,181.80430
2021-02-24,184.36400
2021-02-25,186.11770
2021-02-26,180.85380
2021-03-01,182.72510
2021-03-02,185.47520
2021-03-03,188.65560
2021-03-04,188.02160
2021-03-05,185.34000
2021-03-08,186.65370
2021-03-09,186.91280
2021-03-10,188.13260
2021-03-12,186.40950
2021-03-15,184.92150
2021-03-16,184.54410
2021-03-17,181.31930
2021-03-18,179.32070
2021-03-19,180.92380
2021-03-22,181.89190
2021-03-23,182.61800
2021-03-24,179.37040
2021-03-25,176.65550
2021-03-26,179.06240
2021-03-30,181.98620
2021-03-31,181.67050
2021-04-01,183.47820
2021-04-05,180.33780
2021-04-06,180.85940
2021-04-07,182.83920
2021-04-08,183.76700
2021-04-09,184.27690
2021-04-12,177.14660
2021-04-13,179.55900
2021-04-15,180.25940
2021-04-16,182.21130
2021-04-19,178.99640
2021-04-20,178.98260
2021-04-22,180.23300
2021-04-23,179.60870
2021-04-26,181.90030
2021-04-27,183.76040
2021-04-28,185.52470
2021-04-29,184.84140
2021-04-30,182.84090
2021-05-03,183.54410
2021-05-04,182.09390
2021-05-05,184.56890
2021-05-06,185.49160
2021-05-07,186.22370
2021-05-10,189.05220
2021-05-11,189.06570
2021-05-12,187.47510
2021-05-14,186.08890
2021-05-17,187.75850
2021-05-18,190.07620
2021-05-19,190.14830
2021-05-20,189.57010
2021-05-21,191.88680
2021-05-24,193.01690
2021-05-25,192.45760
2021-05-26,193.03440
2021-05-27,193.92270
2021-05-28,194.45320
2021-05-31,195.66110
2021-06-01,195.66760
2021-06-02,197.31260
2021-06-03,198.71930
2021-06-04,198.66000
2021-06-07,200.55090
2021-06-08,201.09970
2021-06-09,199.87600
2021-06-10,201.97990
2021-06-11,202.17860
2021-06-14,201.96320
2021-06-15,202.58820
2021-06-16,201.59210
2021-06-17,200.67790
2021-06-18,199.27370
2021-06-21,199.73340
2021-06-22,200.48250
2021-06-23,200.35320
2021-06-24,200.73420
2021-06-25,202.55880
2021-06-28,203.04900
2021-06-29,201.88490
2021-06-30,202.13740
2021-07-01,201.49060
2021-07-02,202.34740
2021-07-05,203.79760
2021-07-06,202.83800
2021-07-07,203.59320
2021-07-08,202.10030
2021-07-09,202.23680
2021-07-12,203.49900
2021-07-13,205.07410
2021-07-14,206.26120
2021-07-15,207.13830
2021-07-16,207.53170
2021-07-19,206.06200
2021-07-20,203.55960
2021-07-22,206.53430
2021-07-23,206.56610
2021-07-26,205.90550
2021-07-27,205.00650
2021-07-28,204.18000
2021-07-29,205.02930
2021-07-30,206.78090
2021-08-02,208.46160
2021-08-03,210.85130
2021-08-04,210.94220
2021-08-05,210.99880
2021-08-06,210.15000
2021-08-09,209.40300
2021-08-10,208.90250
2021-08-11,208.12260
2021-08-12,209.62800
2021-08-13,210.42040
2021-08-16,209.68760
2021-08-17,210.02450
2021-08-18,210.22180
2021-08-20,206.23220
2021-08-23,205.77350
2021-08-24,208.18210
2021-08-25,208.45870
2021-08-26,208.71980
2021-08-27,210.29290
2021-08-30,213.50490
2021-08-31,215.14760
2021-09-01,215.49730
2021-09-02,217.16820
2021-09-03,217.89460
2021-09-06,218.52270
2021-09-07,217.84810
2021-09-08,217.99570
2021-09-09,218.33860
2021-09-13,217.88570
2021-09-14,218.73380
2021-09-15,220.94370
2021-09-16,221.62540
2021-09-17,219.74120
2021-09-20,216.44440
2021-09-21,217.70190
2021-09-22,219.21570
2021-09-23,222.07080
2021-09-24,221.13650
2021-09-27,221.27210
2021-09-28,219.92170
2021-09-29,220.51160
2021-09-30,220.25170
2021-10-01,219.69230
2021-10-04,221.51960
2021-10-05,222.67730
2021-10-06,220.22940
2021-10-07,223.48130
2021-10-08,224.32540
2021-10-11,225.88960
2021-10-12,226.02180
2021-10-13,229.15750
2021-10-14,230.54170
2021-10-18,233.07630
2021-10-19,231.01740
2021-10-20,228.52240
2021-10-21,228.94330
2021-10-22,229.00890
2021-10-25,228.34110
2021-10-26,230.68860
2021-10-27,230.93180
2021-10-28,226.50930
2021-10-29,225.95730
2021-11-01,229.32090
2021-11-02,230.08690
2021-11-03,229.54180
2021-11-08,233.27180
2021-11-09,234.43600
2021-11-10,234.43170
2021-11-11,232.54820
2021-11-12,235.29940
2021-11-15,235.02860
2021-11-16,233.86790
2021-11-17,232.90920
2021-11-18,229.84740
2021-11-22,224.35440
2021-11-23,226.73490
2021-11-24,225.96990
2021-11-25,226.66130
2021-11-26,220.76610
2021-11-29,219.05400
2021-11-30,219.01630
2021-12-01,220.36230
2021-12-02,222.70990
2021-12-03,221.31500
2021-12-06,217.91620
2021-12-07,221.00780
2021-12-08,223.96430
2021-12-09,224.53450
2021-12-10,225.26510
2021-12-13,224.62010
2021-12-14,224.06000
2021-12-15,222.87320
2021-12-16,221.82810
2021-12-17,217.90270
2021-12-20,212.57960
2021-12-21,214.50980
2021-12-22,217.23370
2021-12-23,219.36790
2021-12-24,218.01450
2021-12-27,219.06840
2021-12-28,221.63060
2021-12-29,220.95100
2021-12-30,220.63580
2021-12-31,222.75360
2022-01-03,225.26160
2022-01-04,226.31990
2022-01-05,226.99520
2022-01-06,226.06110
2022-01-07,226.84500
2022-01-10,229.31160
2022-01-11,229.77650
2022-01-12,231.77540
2022-01-13,232.93150
2022-01-14,233.54480
2022-01-17,234.45470
2022-01-18,231.01160
2022-01-19,229.80800
2022-01-20,228.27490
2022-01-21,224.03800
2022-01-24,218.31260
2022-01-25,220.99040
2022-01-27,219.48930
2022-01-28,220.40070
2022-01-31,224.26710
2022-02-01,226.13610
2022-02-02,227.33890
2022-02-03,225.15530
2022-02-04,224.24460
2022-02-07,220.92480
2022-02-08,220.44280
2022-02-09,223.02160
2022-02-10,223.54140
2022-02-11,220.42780
2022-02-14,213.26920
2022-02-15,218.19400
2022-02-16,218.46730
2022-02-17,218.16570
2022-02-18,216.99930
2022-02-21,215.32000
2022-02-22,212.54650
2022-02-23,212.98180
2022-02-24,202.52120
2022-02-25,208.15300
2022-02-28,209.70310
2022-03-02,208.28190
2022-03-03,207.20100
2022-03-04,204.24560
2022-03-07,199.99280
2022-03-08,202.11150
2022-03-09,206.17930
2022-03-10,208.90090
2022-03-11,210.02980
2022-03-14,211.79290
2022-03-15,210.05990
2022-03-16,213.91630
2022-03-17,215.98240
2022-03-21,214.32100
2022-03-22,215.92790
2022-03-23,215.17160
2022-03-24,215.42490
2022-03-25,214.73300
2022-03-28,215.08090
2022-03-29,216.41470
2022-03-30,217.70090
2022-03-31,218.09560
2022-04-01,220.92110
2022-04-04,223.51920
2022-04-05,223.98000
2022-04-06,224.27110
2022-04-07,223.49150
2022-04-08,225.18740
2022-04-11,225.21560
2022-04-12,223.09050
2022-04-13,223.42330
2022-04-18,221.03500
2022-04-19,218.35080
2022-04-20,220.36710
2022-04-21,222.60750
2022-04-22,219.87710
2022-04-25,216.17130
2022-04-26,219.37880
2022-04-27,217.95960
2022-04-28,219.82060
2022-04-29,217.79920
2022-05-02,216.58710
2022-05-04,212.18970
2022-05-05,212.86560
2022-05-06,210.45230
2022-05-09,208.60150
2022-05-10,205.78900
2022-05-11,205.08290
2022-05-12,200.84070
2022-05-13,201.36520
2022-05-16,202.46520
2022-05-17,206.46320
2022-05-18,205.63450
2022-05-19,200.94510
2022-05-20,205.08390
2022-05-23,204.99840
2022-05-24,203.86040
2022-05-25,202.19440
2022-05-26,204.49490
2022-05-27,206.21540
2022-05-30,210.59040
2022-05-31,211.16390
2022-06-01,211.29920
2022-06-02,212.16110
2022-06-03,210.72050
2022-06-06,210.67380
2022-06-07,209.23970
2022-06-08,208.40440
2022-06-09,209.57200
2022-06-10,207.58720
2022-06-13,202.51680
2022-06-14,202.46250
2022-06-15,202.49110
2022-06-16,198.13340
2022-06-17,196.81170
2022-06-20,195.34310
2022-06-21,199.06720
2022-06-22,196.49820
2022-06-23,199.10650
2022-06-24,201.16190
2022-06-27,203.23760
2022-06-28,203.93580
2022-06-29,203.52980
2022-06-30,202.80570
2022-07-01,203.65290
2022-07-04,205.22970
2022-07-05,204.84700
2022-07-06,207.24780
2022-07-07,209.66030
2022-07-08,210.84490
2022-07-11,211.53810
2022-07-12,210.03720
2022-07-13,209.43830
2022-07-14,209.02000
2022-07-15,210.33760
2022-07-18,213.72030
2022-07-19,214.84010
2022-07-20,215.94200
2022-07-21,217.98170
2022-07-22,218.13530
2022-07-25,217.01000
2022-07-26,215.45350
2022-07-27,217.03930
2022-07-28,218.80540
2022-07-29,220.67850
2022-08-01,223.09720
2022-08-02,223.16360
2022-08-03,223.07210
2022-08-04,223.39510
2022-08-05,224.19000
2022-08-08,224.92870
2022-08-10,224.87420
2022-08-11,226.76420
2022-08-12,227.44040
2022-08-16,229.36340
2022-08-17,230.11340
2022-08-18,230.90080
2022-08-19,228.62750
2022-08-22,225.52530
2022-08-23,226.88420
2022-08-24,227.72650
2022-08-25,228.27170
2022-08-26,228.86430
2022-08-29,226.36670
2022-08-30,230.54870
2022-09-01,229.79970
2022-09-02,229.31090
2022-09-05,230.48840
2022-09-06,231.25070
2022-09-07,231.39190
2022-09-08,233.55890
2022-09-09,233.71040
2022-09-12,235.40970
2022-09-13,236.62010
2022-09-14,236.38070
2022-09-15,235.52200
2022-09-16,230.52340
2022-09-19,231.30360
2022-09-20,234.28280
2022-09-21,232.46980
2022-09-22,231.64540
2022-09-23,227.07240
2022-09-26,221.62900
2022-09-27,221.86440
2022-09-28,220.06780
2022-09-29,220.51710
2022-09-30,223.83920
2022-10-03,221.35420
2022-10-04,226.10700
2022-10-06,227.64130
2022-10-07,227.68440
2022-10-10,226.86870
2022-10-11,223.60130
2022-10-12,225.24790
2022-10-13,223.69880
2022-10-14,224.49340
2022-10-17,225.82040
2022-10-18,228.46070
2022-10-19,228.36210
2022-10-20,229.13040
2022-10-21,229.63700
2022-10-25,232.74590
2022-10-27,234.74590
2022-10-28,234.30930
2022-10-31,236.71960
2022-11-01,238.01560
2022-11-02,237.32210
2022-11-03,237.93850
2022-11-04,238.14830
2022-11-07,239.84910
2022-11-09,239.18730
2022-11-10,237.31320
2022-11-11,238.96620
2022-11-14,239.01650
2022-11-15,239.87510
2022-11-16,238.96340
2022-11-17,238.68110
2022-11-18,237.92320
2022-11-21,236.72840
2022-11-22,237.34370
2022-11-23,238.10500
2022-11-24,240.07200
2022-11-25,241.32230
2022-11-28,242.23370
2022-11-29,242.56820
2022-11-30,244.91500
2022-12-01,245.91080
2022-12-02,245.90710
2022-12-05,245.99380
2022-12-06,245.25680
2022-12-07,244.65230
2022-12-08,246.14710
2022-12-09,244.12790
2022-12-12,244.61610
2022-12-13,246.33990
2022-12-14,247.31220
2022-12-15,244.68440
2022-12-16,241.92600
2022-12-19,243.71460
2022-12-20,243.29030
2022-12-21,239.96170
2022-12-22,237.89850
2022-12-23,231.72290
2022-12-26,235.87780
2022-12-27,237.71750
2022-12-28,237.67040
2022-12-29,238.35100
2022-12-30,238.18770
2023-01-02,239.85630
2023-01-03,240.56350
2023-01-04,238.71800
2023-01-05,239.06890
2023-01-06,237.65930
2023-01-09,240.20270
2023-01-10,238.46870
2023-01-11,238.47050
2023-01-12,238.11010
2023-01-13,239.36090
2023-01-16,238.93880
2023-01-17,239.86080
2023-01-18,240.47810
2023-01-19,239.89550
2023-01-20,239.26850
2023-01-23,240.10520
2023-01-24,238.96750
2023-01-25,235.79310
2023-01-27,232.55960
2023-01-30,232.24960
2023-01-31,234.51570
2023-02-01,232.81650
2023-02-02,233.55070
2023-02-03,235.18200
2023-02-06,235.20350
2023-02-07,235.04110
2023-02-08,236.02100
2023-02-09,236.57540
2023-02-10,236.82610
2023-02-13,235.30760
2023-02-14,236.15000
2023-02-15,237.82440
2023-02-16,238.68140
2023-02-17,237.47980
2023-02-20,236.48040
2023-02-21,236.30050
2023-02-22,234.04550
2023-02-23,234.21910
2023-02-24,233.57620
2023-02-27,233.22050
2023-02-28,232.23300
2023-03-01,234.23820
2023-03-02,232.82600
2023-03-03,235.62560
2023-03-06,237.05030
2023-03-08,238.15740
2023-03-09,236.59110
2023-03-10,235.07170
2023-03-13,232.22460
2023-03-14,231.22420
2023-03-15,230.57160
2023-03-16,231.10500
2023-03-17,232.33590
2023-03-20,230.72520
2023-03-21,231.52520
2023-03-22,232.12560
2023-03-23,231.55500
2023-03-24,229.72450
2023-03-27,229.18410
2023-03-28,228.42880
2023-03-29,230.67760
2023-03-31,233.06780
2023-04-03,234.25370
2023-04-05,234.74940
2023-04-06,235.75070
2023-04-10,237.07860
2023-04-11,238.16360
2023-04-12,238.87950
2023-04-13,238.65940
2023-04-17,237.82320
2023-04-18,237.99600
2023-04-19,237.77390
2023-04-20,238.65580
2023-04-21,238.03410
2023-04-24,239.06060
2023-04-25,239.29490
2023-04-26,239.66600
2023-04-27,241.09750
2023-04-28,242.92850
2023-05-02,244.31660
2023-05-03,243.66070
2023-05-04,245.93930
2023-05-05,244.85720
2023-05-08,247.76220
2023-05-09,247.25460
2023-05-10,247.82080
2023-05-11,248.08270
2023-05-12,247.55950
2023-05-15,248.99280
2023-05-16,248.81810
2023-05-17,248.46470
2023-05-18,247.97840
2023-05-19,248.23720
2023-05-22,249.18180
2023-05-23,249.89340
2023-05-24,249.05230
2023-05-25,249.57220
2023-05-26,251.55280
2023-05-29,252.90190
2023-05-30,253.82610
2023-05-31,252.81710
2023-06-01,253.46470
2023-06-02,254.21330
2023-06-05,256.16710
2023-06-06,257.24300
2023-06-07,260.33000
2023-06-08,258.93820
2023-06-09,258.39500
2023-06-12,259.76320
2023-06-13,261.35110
2023-06-14,262.12870
2023-06-15,261.11510
2023-06-16,263.49800
2023-06-19,263.44620
2023-06-20,264.93330
2023-06-21,264.91290
2023-06-22,263.08200
2023-06-23,260.99100
2023-06-26,262.07090
2023-06-27,264.00940
2023-06-28,265.42760
2023-06-30,268.28980
2023-07-03,269.60740
2023-07-04,269.60700
2023-07-05,270.81940
2023-07-06,273.45690
2023-07-07,272.41050
2023-07-10,271.83200
2023-07-11,273.49820
2023-07-12,273.85270
2023-07-13,273.47360
2023-07-14,275.53490
2023-07-17,276.71600
2023-07-18,276.85160
2023-07-19,277.99510
2023-07-20,279.66430
2023-07-21,278.39420
2023-07-24,278.39070
2023-07-25,279.48600
2023-07-26,281.56340
2023-07-27,281.01730
2023-07-28,282.04430
2023-07-31,283.92270
2023-08-01,283.68680
2023-08-02,280.25600
2023-08-03,278.75120
2023-08-04,280.52240
2023-08-07,281.86930
2023-08-08,282.02570
2023-08-09,284.26470
2023-08-10,283.49730
2023-08-11,282.12350
2023-08-14,281.54540
2023-08-16,282.20370
2023-08-17,281.54480
2023-08-18,280.10070
2023-08-21,281.02710
2023-08-22,282.50420
2023-08-23,283.66270
2023-08-24,284.70010
2023-08-25,282.79270
2023-08-28,283.78360
2023-08-29,284.19440
2023-08-30,284.36380
2023-08-31,284.64820
2023-09-01,286.76150
2023-09-04,288.85260
2023-09-05,289.39460
2023-09-06,289.71050
2023-09-07,291.83230
2023-09-08,294.10250
2023-09-11,295.86320
2023-09-12,291.98770
2023-09-13,293.76140
2023-09-14,296.05570
2023-09-15,297.82680
2023-09-18,297.11190
2023-09-20,295.73860
2023-09-21,292.93210
2023-09-22,292.35370
2023-09-25,292.12090
2023-09-26,292.23220
2023-09-27,294.09830
2023-09-29,294.85330
2023-10-03,293.41820
2023-10-04,290.45540
2023-10-05,290.74960
2023-10-06,292.16110
2023-10-09,288.95800
2023-10-10,292.12120
2023-10-11,294.07660
2023-10-12,294.01340
2023-10-13,293.38290
2023-10-16,294.58570
2023-10-17,295.45330
2023-10-18,294.37630
2023-10-19,293.54470
2023-10-20,291.55290
2023-10-23,286.18870
2023-10-25,284.18350
2023-10-26,281.92010
2023-10-27,284.83120
2023-10-30,284.91250
2023-10-31,284.72780
2023-11-01,284.34740
2023-11-02,287.64250
2023-11-03,289.77880
2023-11-06,291.88870
2023-11-07,292.33910
2023-11-08,293.31120
2023-11-09,293.07340
2023-11-10,294.19440
2023-11-13,295.63090
2023-11-15,298.99740
2023-11-16,300.22100
2023-11-17,300.25070
2023-11-20,299.60380
2023-11-21,301.42560
2023-11-22,300.63120
2023-11-23,300.54000
2023-11-24,301.41780
2023-11-28,303.87820
2023-11-29,307.72610
2023-11-30,310.40280
2023-12-01,311.90890
2023-12-04,316.49070
2023-12-05,317.89810
2023-12-06,318.31240
2023-12-07,319.05470
2023-12-08,318.56670
2023-12-11,319.18460
2023-12-12,318.02040
2023-12-13,320.10900
2023-12-14,324.24100
2023-12-15,325.91530
2023-12-18,326.37930
2023-12-19,326.55900
2023-12-20,319.14330
2023-12-21,322.50720
2023-12-22,325.35450
2023-12-26,326.90470
2023-12-27,329.12600
2023-12-28,331.91220
2023-12-29,333.47130
2024-01-01,334.96770
2024-01-02,335.52000
2024-01-03,335.63100
2024-01-04,339.12070
2024-01-05,339.28060
2024-01-08,336.30610
2024-01-09,337.60010
2024-01-10,338.76010
2024-01-11,339.86740
2024-01-12,342.47590
2024-01-15,343.92700
2024-01-16,343.71540
2024-01-17,339.24980
2024-01-18,339.96250
2024-01-19,343.71360
2024-01-23,337.94780
2024-01-24,342.90440
2024-01-25,341.08980
2024-01-29,347.30580
2024-01-30,346.75210
2024-01-31,352.20680
2024-02-01,352.66140
2024-02-02,355.77430
2024-02-05,357.90660
2024-02-06,363.57150
2024-02-07,363.83530
2024-02-08,363.89550
2024-02-09,363.12810
2024-02-12,357.19020
2024-02-13,358.42370
2024-02-14,360.83430
2024-02-15,364.53300
2024-02-16,366.26780
2024-02-19,367.32080
2024-02-20,367.57880
2024-02-21,366.13680
2024-02-22,368.94180
2024-02-23,369.75830
2024-02-26,369.20610
2024-02-27,370.47670
2024-02-28,366.16230
2024-02-29,367.05570
2024-03-01,372.30490
2024-03-04,373.83770
2024-03-05,374.82470
2024-03-06,374.19200
2024-03-07,374.87200
2024-03-11,373.50040
2024-03-12,370.55760
2024-03-13,360.42730
2024-03-14,364.32070
2024-03-15,361.80920
2024-03-18,362.63640
2024-03-19,359.91390
2024-03-20,359.72800
2024-03-21,364.98830
2024-03-22,367.38530
2024-03-26,368.66360
2024-03-27,368.90810
2024-03-28,370.95080
2024-03-31,370.92340
2024-04-01,374.78930
2024-04-02,377.00620
2024-04-03,379.01480
2024-04-04,379.34420
2024-04-05,380.60200
2024-04-08,384.06890
2024-04-09,383.85510
2024-04-10,385.37300
2024-04-12,382.89030
2024-04-15,379.29030
2024-04-16,378.87760
2024-04-18,377.11330
2024-04-19,377.62200
2024-04-22,380.55060
2024-04-23,381.83040
2024-04-24,384.42420
2024-04-25,387.09260
2024-04-26,386.70020
2024-04-29,390.01630
2024-04-30,390.15790
2024-05-02,390.96720
2024-05-03,389.06390
2024-05-06,387.13960
2024-05-07,382.78560
2024-05-08,384.45950
2024-05-09,378.66740
2024-05-10,379.90550
2024-05-13,380.90590
2024-05-14,384.34650
2024-05-15,386.95750
2024-05-16,390.29460
2024-05-17,394.21540
2024-05-21,397.15330
2024-05-22,398.44120
2024-05-23,400.34070
2024-05-24,399.86510
2024-05-27,399.56650
2024-05-28,398.61510
2024-05-29,396.08780
2024-05-30,391.77040
2024-05-31,394.55910
2024-06-03,406.59470
2024-06-04,381.30950
2024-06-05,391.80940
2024-06-06,396.11090
2024-06-07,404.74890
2024-06-10,406.35590
2024-06-11,409.58550
2024-06-12,412.49520
2024-06-13,415.35040
2024-06-14,419.13760
2024-06-18,419.96730
2024-06-19,418.91490
2024-06-20,419.95200
2024-06-21,418.35970
2024-06-24,419.01360
2024-06-25,419.94260
2024-06-26,419.84960
2024-06-27,420.91670
2024-06-28,420.99420
2024-06-30,420.97150
2024-07-01,424.87360
2024-07-02,423.99320
2024-07-03,427.55710
2024-07-04,430.25430
2024-07-05,431.61230
2024-07-08,431.00340
2024-07-09,432.58210
2024-07-10,430.20580
2024-07-11,430.81900
2024-07-12,432.02500
2024-07-15,433.82620
2024-07-16,433.78700
2024-07-18,434.58760
2024-07-19,426.76180
2024-07-22,427.17880
2024-07-23,425.92240
2024-07-24,429.54780
2024-07-25,432.21310
2024-07-26,439.00280
2024-07-29,440.40560
2024-07-30,442.03920
2024-07-31,444.89300
2024-08-01,445.01470
2024-08-02,441.63510
2024-08-05,429.66050
2024-08-06,427.28880
2024-08-07,435.54700
2024-08-08,433.38340
2024-08-09,437.49040
2024-08-12,437.31910
2024-08-13,432.20030
2024-08-14,432.03690
2024-08-16,438.69660
2024-08-19,440.14440
2024-08-20,442.94850
2024-08-21,442.63640
2024-08-22,441.72930
2024-08-23,442.39580
2024-08-26,444.50100
2024-08-27,446.09210
2024-08-28,446.14060
2024-08-29,445.43960
2024-08-30,448.26610
2024-08-31,448.25430
2024-09-02,447.70480
2024-09-03,447.91790
2024-09-04,446.62320
2024-09-05,446.73510
2024-09-06,441.67410
2024-09-09,440.73160
2024-09-10,444.43120
2024-09-11,442.13880
2024-09-12,448.18800
2024-09-13,449.60530
2024-09-16,450.34710
2024-09-17,451.07160
2024-09-18,449.73830
2024-09-19,447.34810
2024-09-20,451.89190
2024-09-23,454.89870
2024-09-24,456.44510
2024-09-25,456.56140
2024-09-26,459.07780
2024-09-27,459.09990
2024-09-30,455.44270
2024-10-01,455.81380
2024-10-03,448.37010
2024-10-04,444.92470
2024-10-07,439.26860
2024-10-08,443.05660
2024-10-09,445.70490
2024-10-10,444.70230
2024-10-11,444.39160
2024-10-14,446.77510
2024-10-15,446.95320
2024-10-16,447.48430
2024-10-17,442.99820
2024-10-18,444.74050
2024-10-21,442.02810
2024-10-22,435.27090
2024-10-23,434.71580
2024-10-24,433.76310
2024-10-25,430.17250
2024-10-28,431.70960
2024-10-29,433.64020
2024-10-30,432.02160
2024-10-31,431.35140
2024-11-04,429.84230
2024-11-05,431.55620
2024-11-06,436.97140
2024-11-07,433.58500
2024-11-08,431.40590
2024-11-11,430.18800
2024-11-12,426.69190
2024-11-13,419.35170
2024-11-14,418.34790
2024-11-18,418.07670
2024-11-19,419.80280
2024-11-21,417.85000
2024-11-22,423.84530
2024-11-25,431.13130
2024-11-26,429.25430
2024-11-27,430.27070
2024-11-28,427.54520
2024-11-29,430.66450
2024-11-30,430.65340
2024-12-02,433.07810
2024-12-03,437.13670
2024-12-04,438.34240
2024-12-05,440.42580
2024-12-06,440.67160
2024-12-09,440.66190
2024-12-10,441.50460
2024-12-11,442.01650
2024-12-12,440.24160
2024-12-13,441.65990
2024-12-16,440.91520
2024-12-17,436.20880
2024-12-18,433.65920
2024-12-19,431.27990
2024-12-20,424.32380
2024-12-23,426.29040
2024-12-24,426.58380
2024-12-26,426.13120
2024-12-27,426.54710
2024-12-30,424.80500
2024-12-31,425.98900
2025-01-01,426.38200
2025-01-02,431.15700
2025-01-03,429.30620
2025-01-06,422.98460
2025-01-07,424.91510
2025-01-08,423.96940
2025-01-09,420.90370
2025-01-10,417.42550
2025-01-13,408.86620
2025-01-14,412.21530
2025-01-15,413.13840
2025-01-16,416.75520
2025-01-17,415.25090
2025-01-20,416.77260
2025-01-21,411.00920
2025-01-22,409.73660
2025-01-23,413.01890
2025-01-24,409.23430
2025-01-27,402.21830
2025-01-28,403.33160
2025-01-29,409.02350
2025-01-30,409.34490
2025-01-31,413.13450
2025-02-03,408.45030
2025-02-04,414.13280
2025-02-05,415.80620
2025-02-06,414.90090
2025-02-07,414.61070
2025-02-10,410.36650
2025-02-11,402.85960
2025-02-12,402.06280
2025-02-13,402.10900
2025-02-14,398.91810
2025-02-17,398.68870
2025-02-18,397.97660
2025-02-19,400.03620
2025-02-20,401.70280
2025-02-21,399.35750
2025-02-24,396.09760
2025-02-25,395.00360
2025-02-27,394.07280
2025-02-28,385.33990
2025-03-03,385.77210
2025-03-04,387.15420
2025-03-05,393.45750
2025-03-06,397.23950
2025-03-07,396.49700
2025-03-10,394.15210
2025-03-11,394.80660
2025-03-12,392.99050
2025-03-13,391.32950
2025-03-17,393.01270
2025-03-18,398.76950
2025-03-19,401.25440
2025-03-20,405.34350
2025-03-21,408.63160
2025-03-24,413.79980
2025-03-25,411.87600
2025-03-26,408.67060
2025-03-27,410.02750
2025-03-28,408.76690
2025-03-31,408.73680
2025-04-01,404.87490
2025-04-02,407.12080
2025-04-03,405.87530
2025-04-04,396.76530
2025-04-07,385.05370
2025-04-08,391.12980
2025-04-09,388.57810
2025-04-11,395.40930
2025-04-15,403.55750
2025-04-16,405.44330
2025-04-17,410.31210
2025-04-21,415.65410
2025-04-22,417.14530
2025-04-23,419.61550
2025-04-24,419.16760
2025-04-25,414.32510
2025-04-28,418.97630
2025-04-29,419.39540
2025-04-30,417.99180
2025-05-02,417.37040
2025-05-05,419.66970
2025-05-06,415.70600
2025-05-07,417.72510
2025-05-08,413.86130
2025-05-09,410.63630
2025-05-12,424.30210
2025-05-13,420.86890
2025-05-14,425.19450
2025-05-15,430.33060
2025-05-16,431.50710
2025-05-19,430.93100
2025-05-20,427.54780
2025-05-21,429.76940
2025-05-22,427.56080
2025-05-23,430.40530
2025-05-26,433.37960
2025-05-27,431.79020
2025-05-28,431.41660
2025-05-29,433.26260
2025-05-30,433.36390
2025-05-31,433.35060
2025-06-02,432.23500
2025-06-03,430.05810
2025-06-04,431.41020
2025-06-05,432.95650
2025-06-06,436.58390
2025-06-09,439.15810
2025-06-10,439.73480
2025-06-11,440.87360
2025-06-12,435.65920
2025-06-13,433.57420
2025-06-16,436.14850
2025-06-17,433.92980
2025-06-18,432.88680
2025-06-19,430.13790
2025-06-20,434.11420
2025-06-23,433.30870
2025-06-24,435.68750
2025-06-25,439.12490
2025-06-26,442.80670
2025-06-27,444.63280
2025-06-30,443.83610
2025-07-01,443.60550
2025-07-02,443.97130
2025-07-03,443.18030
2025-07-04,444.44200
2025-07-07,444.58060
2025-07-08,445.77000
2025-07-09,445.59110
2025-07-10,444.21850
2025-07-11,441.11510
2025-07-14,440.94400
2025-07-15,443.52060
2025-07-16,444.33820
2025-07-17,444.59610
2025-07-18,442.59530
2025-07-21,443.71830
2025-07-22,442.85890
2025-07-23,444.48900
2025-07-24,442.26520
2025-07-25,437.21190
2025-07-28,434.75320
2025-07-29,436.24120
2025-07-30,436.68880
2025-07-31,434.20360
2025-08-01,429.49270
2025-08-04,431.96980
2025-08-05,430.51030
2025-08-06,428.69790
2025-08-07,429.77410
2025-08-08,426.17740
2025-08-11,428.67960
2025-08-12,428.58620
2025-08-13,431.15360
2025-08-14,430.00090
2025-08-18,433.58220
2025-08-19,435.88560
2025-08-20,436.52390
2025-08-21,437.40300
2025-08-22,434.76280
2025-08-25,435.87480
2025-08-26,431.01160
2025-08-28,427.02350
2025-08-29,425.27500
2025-08-31,425.24560
2025-09-01,429.29160
2025-09-02,429.61090
2025-09-03,432.63120
2025-09-04,432.21280
2025-09-05,431.88300
2025-09-08,433.48340
2025-09-09,434.34590
2025-09-10,436.45570
2025-09-11,436.95580
2025-09-12,437.97310
2025-09-15,437.97190
2025-09-16,440.57410
2025-09-17,442.14630
2025-09-18,443.98320
2025-09-19,443.23990
2025-09-22,439.72920
2025-09-23,438.64540
2025-09-24,435.97390
2025-09-25,433.31110
2025-09-26,427.91710
2025-09-30,428.31760
2025-10-01,431.67900
2025-10-03,433.55910
2025-10-06,435.96030
2025-10-07,436.41610
2025-10-08,434.26430
2025-10-09,437.10990
2025-10-10,439.11300
2025-10-13,437.87310
2025-10-14,436.39150
2025-10-15,438.93740
2025-10-16,442.26350
2025-10-17,442.64450
2025-10-20,445.41910
2025-10-23,447.18010
2025-10-24,445.70580
2025-10-27,448.46020
2025-10-28,447.43110
2025-10-29,450.59930
2025-10-30,448.31470
2025-10-31,445.48890
2025-11-03,448.09390
2025-11-04,446.41960
2025-11-06,442.82100
2025-11-07,442.41940
2025-11-10,443.67880
2025-11-11,445.29090
2025-11-12,447.42610
2025-11-13,447.50900
2025-11-14,447.92870
2025-11-17,450.44510
2025-11-18,448.45970
2025-11-19,449.15490
2025-11-20,450.73950
2025-11-21,447.77140
2025-11-24,447.61250
2025-11-25,447.07660
2025-11-26,451.35520
2025-11-27,451.63880
2025-11-28,451.62930
2025-11-30,451.60030
2025-12-01,451.09000
2025-12-02,449.74770
2025-12-03,448.69930
2025-12-04,448.77430
2025-12-05,449.66400
2025-12-08,445.00210
2025-12-09,444.96380
2025-12-10,444.24740
2025-12-11,446.11100
2025-12-12,449.18200
2025-12-15,448.91750
2025-12-16,445.56110
2025-12-17,445.56460
2025-12-18,446.03980
2025-12-19,449.26450
2025-12-22,452.32050
2025-12-23,452.78660
2025-12-24,451.36870
2025-12-26,450.30260
2025-12-29,448.90030
2025-12-30,450.38960
2025-12-31,454.12440
2026-01-01,454.26450
2026-01-02,457.30200
2026-01-05,455.52630
2026-01-06,454.11600
2026-01-07,452.59650
2026-01-08,447.04430
2026-01-09,443.78460
2026-01-12,444.92020
2026-01-13,445.09720
2026-01-14,445.05060
2026-01-16,446.45000
2026-01-19,443.60240
2026-01-20,437.07440
2026-01-21,435.59980
2026-01-22,438.84420
2026-01-23,434.10600
2026-01-27,435.72580
2026-01-28,440.48800
2026-01-29,442.41340
2026-01-30,441.67920
2026-01-31,441.66270
2026-02-02,437.17140
2026-02-03,446.49670
2026-02-04,447.74340
2026-02-05,446.72220
2026-02-06,446.98530
2026-02-09,451.77490
2026-02-10,454.99770
2026-02-11,453.92670
2026-02-12,450.61130
2026-02-13,445.18910
2026-02-16,447.75150
2026-02-17,449.22190
2026-02-18,451.68210
2026-02-19,445.87320
2026-02-20,447.46280
2026-02-23,449.31890
2026-02-24,445.63080
2026-02-25,448.15800
2026-02-26,450.08930
2026-02-27,444.82140
2026-02-28,444.80400
2026-03-02,439.04010
2026-03-04,429.39010
2026-03-05,433.30770
2026-03-06,429.33150
2026-03-09,420.13150
2026-03-10,425.44900
2026-03-11,419.62090
2026-03-12,416.71660
2026-03-13,407.92100
2026-03-16,410.07640
2026-03-17,413.12120
2026-03-18,417.12280
2026-03-19,405.36880
2026-03-20,406.34020
2026-03-23,394.61110
2026-03-24,401.39950
2026-03-25,408.40010
2026-03-27,400.18670
2026-03-30,391.38430
2026-03-31,391.36910
2026-04-01,397.94010
2026-04-02,397.95140
2026-04-06,401.98850
2026-04-07,404.14250
2026-04-08,418.96970
2026-04-09,416.38190
2026-04-10,422.67150
2026-04-13,420.88430
2026-04-15,427.97850
2026-04-16,428.70810
2026-04-17,431.55490
2026-04-20,431.73980
2026-04-21,435.27980
2026-04-22,433.65790
2026-04-23,431.32970
2026-04-24,426.27150
2026-04-27,430.76090
2026-04-28,429.09200
2026-04-29,430.15980
2026-04-30,427.18540
2026-05-04,428.99610
2026-05-05,427.48930
2026-05-06,434.11290
2026-05-07,435.97100
2026-05-08,433.63510
2026-05-11,427.64000
2026-05-12,420.10210
2026-05-13,420.98950
2026-05-14,425.23600
2026-05-15,424.45220
2026-05-18,422.86960
2026-05-19,422.43320
2026-05-20,423.14010
2026-05-21,423.90550
2026-05-22,425.89250
2026-05-25,429.95200
2026-05-26,429.17630
2026-05-27,429.50590
2026-05-29,424.67460
2026-05-31,424.64060
2026-06-01,421.69040
2026-06-02,422.73500
2026-06-03,421.65190
2026-06-04,422.13560
2026-06-05,422.17030
2026-06-08,417.40770
2026-06-09,420.06920
2026-06-10,418.26820
2026-06-11,416.71630
2026-06-12,425.25170
2026-06-15,428.97570
2026-06-16,430.21280
2026-06-17,431.85550
2026-06-18,434.57930
2026-06-19,433.89050
2026-06-22,437.88500
2026-06-23,433.88230
2026-06-24,437.30580
2026-06-25,436.67860
2026-06-29,435.18040
2026-06-30,434.91330
2026-07-01,436.13380
2026-07-02,438.51450
2026-07-03,438.68320
2026-07-06,440.97570
2026-07-07,439.96380
2026-07-08,432.15810
2026-07-09,435.00410
2026-07-10,439.95960
2026-07-13,440.83510
2026-07-14,438.10770
2026-07-15,439.25830
2026-07-16,439.02190
2026-07-17,440.55060
2026-07-20,440.31300
2026-07-21,440.09990
2026-07-22,435.20160
2026-07-23,432.45100
2026-07-24,431.71770
2026-07-27,434.66460
2026-07-28,433.87690
2026-07-29,438.20180
2026-07-30,437.72160
2026-07-31,440.02810
2026-08-03,444.14730
2026-08-04,441.24860
2026-08-05,441.50780
2026-08-06,441.35950
2026-08-07,439.89400
2026-08-10,439.93570
2026-08-11,438.36520
2026-08-12,437.72630
2026-08-13,437.03800
2026-08-14,436.31760
2026-08-17,435.23110
2026-08-18,433.21350
2026-08-19,431.23670
2026-08-20,433.62340
2026-08-21,434.18640
2026-08-24,433.65770
2026-08-25,435.50920
2026-08-26,435.54770
2026-08-27,434.35480
2026-08-28,434.07010
2026-08-31,431.82760
2026-09-01,429.52810
2026-09-02,427.83340
2026-09-03,428.28310
2026-09-04,428.88130
2026-09-07,427.08150
