Date,NAV
2013-01-04,27.30770
2013-01-07,27.20420
2013-01-08,27.24760
2013-01-09,27.16680
2013-01-10,27.13610
2013-01-11,27.04210
2013-01-14,27.34620
2013-01-15,27.48870
2013-01-16,27.23880
2013-01-17,27.36630
2013-01-18,27.52070
2013-01-21,27.58370
2013-01-22,27.41760
2013-01-23,27.38910
2013-01-24,27.14550
2013-01-25,27.41380
2013-01-28,27.39960
2013-01-29,27.24910
2013-01-30,27.23120
2013-01-31,27.20270
2013-02-01,27.14430
2013-02-04,27.03500
2013-02-05,26.84400
2013-02-06,26.86260
2013-02-07,26.71690
2013-02-08,26.54430
2013-02-11,26.49550
2013-02-12,26.70360
2013-02-13,26.71720
2013-02-14,26.49330
2013-02-15,26.43340
2013-02-18,26.43600
2013-02-19,26.61790
2013-02-20,26.64010
2013-02-21,26.25840
2013-02-22,26.25050
2013-02-25,23.72550
2013-02-26,23.36410
2013-02-27,23.52490
2013-02-28,23.10690
2013-03-01,23.24790
2013-03-04,23.17570
2013-03-05,23.48580
2013-03-06,23.68700
2013-03-07,23.83610
2013-03-08,24.14000
2013-03-11,24.08930
2013-03-12,23.96020
2013-03-13,23.64210
2013-03-14,23.87180
2013-03-15,23.66540
2013-03-18,23.47330
2013-03-19,23.15540
2013-03-20,22.90030
2013-03-21,22.71680
2013-03-22,22.70270
2013-03-25,22.66110
2013-03-26,22.64980
2013-03-28,22.86240
2013-04-01,22.97690
2013-04-02,23.11590
2013-04-03,22.75840
2013-04-04,22.41350
2013-04-05,22.37320
2013-04-08,22.33140
2013-04-09,22.15460
2013-04-10,22.39110
2013-04-11,22.44830
2013-04-12,22.23490
2013-04-15,22.35670
2013-04-16,22.76870
2013-04-17,22.73300
2013-04-18,23.08200
2013-04-22,23.28310
2013-04-23,23.24370
2013-04-25,23.58440
2013-04-26,23.47310
2013-04-29,23.65100
2013-04-30,23.63570
2013-05-02,23.83240
2013-05-03,23.58360
2013-05-06,23.70460
2013-05-07,23.96650
2013-05-08,24.01040
2013-05-09,23.96730
2013-05-10,24.12720
2013-05-13,23.66160
2013-05-14,23.70640
2013-05-15,24.22940
2013-05-16,24.32690
2013-05-17,24.36520
2013-05-20,24.21690
2013-05-21,24.01390
2013-05-22,23.94320
2013-05-23,23.40820
2013-05-24,23.53740
2013-05-27,23.88120
2013-05-28,24.03880
2013-05-29,23.95520
2013-05-30,24.04300
2013-05-31,23.61050
2013-06-03,23.45850
2013-06-04,23.39790
2013-06-05,23.38000
2013-06-06,23.44170
2013-06-07,23.29910
2013-06-10,23.26760
2013-06-11,22.96180
2013-06-12,22.86550
2013-06-13,22.57630
2013-06-14,22.98280
2013-06-17,23.11330
2013-06-18,22.98210
2013-06-19,23.02950
2013-06-20,22.43130
2013-06-21,22.49750
2013-06-24,22.20200
2013-06-25,22.21740
2013-06-26,22.14920
2013-06-27,22.47870
2013-06-28,23.00360
2013-07-01,23.19760
2013-07-02,23.01560
2013-07-03,22.64050
2013-07-04,22.86620
2013-07-05,22.95360
2013-07-08,22.76890
2013-07-09,22.90970
2013-07-10,22.82550
2013-07-11,23.23730
2013-07-12,23.53440
2013-07-15,23.63120
2013-07-16,23.23830
2013-07-17,23.14630
2013-07-18,23.39970
2013-07-19,23.44680
2013-07-22,23.50390
2013-07-23,23.68080
2013-07-24,23.29970
2013-07-25,23.03430
2013-07-26,22.95040
2013-07-29,22.74170
2013-07-30,22.43770
2013-07-31,22.50770
2013-08-01,22.44690
2013-08-02,22.28330
2013-08-05,22.38380
2013-08-06,21.85550
2013-08-07,21.79500
2013-08-08,21.92130
2013-08-12,22.08100
2013-08-13,22.45810
2013-08-14,22.56430
2013-08-16,21.71210
2013-08-19,21.29770
2013-08-20,21.21500
2013-08-21,20.83220
2013-08-22,21.23260
2013-08-23,21.54640
2013-08-26,21.59200
2013-08-27,21.01140
2013-08-28,20.92030
2013-08-29,21.42850
2013-08-30,21.63790
2013-09-02,21.92750
2013-09-03,21.23020
2013-09-04,21.64490
2013-09-05,22.22520
2013-09-06,22.52630
2013-09-10,23.23360
2013-09-11,23.29010
2013-09-12,23.01470
2013-09-13,22.96860
2013-09-16,22.96380
2013-09-17,23.06910
2013-09-18,23.20570
2013-09-19,23.98490
2013-09-20,23.62690
2013-09-23,23.25520
2013-09-24,23.17810
2013-09-25,23.13030
2013-09-26,23.17950
2013-09-27,23.06980
2013-09-30,22.77840
2013-10-01,22.92330
2013-10-03,23.46160
2013-10-04,23.49140
2013-10-07,23.57180
2013-10-08,23.60980
2013-10-09,23.90430
2013-10-10,23.96410
2013-10-11,24.26320
2013-10-14,24.37290
2013-10-15,24.28000
2013-10-17,24.11460
2013-10-18,24.64160
2013-10-21,24.62500
2013-10-22,24.68460
2013-10-23,24.60510
2013-10-24,24.46180
2013-10-25,24.43700
2013-10-28,24.24680
2013-10-29,24.67200
2013-10-30,24.79240
2013-10-31,24.95030
2013-11-01,24.92500
2013-11-05,24.74610
2013-11-06,24.65530
2013-11-07,24.58710
2013-11-08,24.39800
2013-11-11,24.16640
2013-11-12,23.87550
2013-11-13,23.73070
2013-11-14,24.05390
2013-11-18,24.50210
2013-11-19,24.51850
2013-11-20,24.23890
2013-11-21,23.76250
2013-11-22,23.73040
2013-11-25,24.12340
2013-11-26,23.98090
2013-11-27,23.99570
2013-11-28,24.11770
2013-11-29,24.46020
2013-12-02,24.65360
2013-12-03,24.59440
2013-12-04,24.43090
2013-12-05,24.71920
2013-12-06,24.78640
2013-12-09,25.16980
2013-12-10,25.08850
2013-12-11,25.05970
2013-12-12,24.83500
2013-12-13,24.60860
2013-12-16,24.61750
2013-12-17,24.56250
2013-12-18,24.81500
2013-12-19,24.73420
2013-12-20,25.10100
2013-12-23,25.15410
2013-12-24,25.09330
2013-12-26,25.14790
2013-12-27,25.24850
2013-12-30,25.13700
2013-12-31,25.20620
2014-01-01,25.21590
2014-01-02,24.90110
2014-01-03,24.89690
2014-01-06,24.81830
2014-01-07,24.67570
2014-01-08,24.70190
2014-01-09,24.78720
2014-01-10,24.78780
2014-01-13,25.12320
2014-01-14,24.96840
2014-01-15,25.19780
2014-01-16,25.24240
2014-01-17,24.95380
2014-01-20,25.20270
2014-01-21,25.34570
2014-01-22,25.44000
2014-01-23,25.40890
2014-01-24,25.07760
2014-01-27,24.44140
2014-01-28,24.35430
2014-01-29,24.32310
2014-01-30,24.05010
2014-01-31,24.30110
2014-02-03,23.94620
2014-02-04,23.91100
2014-02-05,24.04150
2014-02-06,24.09010
2014-02-07,24.25070
2014-02-10,24.29570
2014-02-11,24.43030
2014-02-12,24.50030
2014-02-13,24.12660
2014-02-14,24.33280
2014-02-17,24.44630
2014-02-18,24.65870
2014-02-19,24.74710
2014-02-20,24.53990
2014-02-21,24.83400
2014-02-24,24.92550
2014-02-25,24.95460
2014-02-26,25.02670
2014-02-28,25.25680
2014-03-03,25.06730
2014-03-04,25.37810
2014-03-05,25.56320
2014-03-06,25.93280
2014-03-07,26.32660
2014-03-10,26.28090
2014-03-11,26.12290
2014-03-12,26.09360
2014-03-13,26.01240
2014-03-14,26.04460
2014-03-18,26.15110
2014-03-19,26.19180
2014-03-20,26.00660
2014-03-21,26.13100
2014-03-24,26.47820
2014-03-25,26.48450
2014-03-26,26.63230
2014-03-27,26.78690
2014-03-28,27.04420
2014-03-31,27.03050
2014-04-01,27.11650
2014-04-02,27.34590
2014-04-03,27.18310
2014-04-04,27.07580
2014-04-07,27.04430
2014-04-09,27.45590
2014-04-10,27.49370
2014-04-11,27.41500
2014-04-15,27.12610
2014-04-16,26.94290
2014-04-17,27.42210
2014-04-21,27.70030
2014-04-22,27.69280
2014-04-23,27.82110
2014-04-25,27.67590
2014-04-28,27.60220
2014-04-29,27.34360
2014-04-30,27.20770
2014-05-02,27.21300
2014-05-05,27.24860
2014-05-06,27.35900
2014-05-07,27.10650
2014-05-08,27.18680
2014-05-09,28.06650
2014-05-12,28.66580
2014-05-13,29.13530
2014-05-14,29.25750
2014-05-15,29.22150
2014-05-16,29.81000
2014-05-19,30.38570
2014-05-20,30.35020
2014-05-21,30.18050
2014-05-22,30.35050
2014-05-23,30.82060
2014-05-26,30.77290
2014-05-27,30.61300
2014-05-28,30.71680
2014-05-29,30.35460
2014-05-30,30.35650
2014-06-02,30.98330
2014-06-03,31.34730
2014-06-04,31.51530
2014-06-05,31.92020
2014-06-06,32.40650
2014-06-09,32.64570
2014-06-10,32.49710
2014-06-11,32.13540
2014-06-12,32.15890
2014-06-13,31.52360
2014-06-16,31.47960
2014-06-17,32.03330
2014-06-18,31.70470
2014-06-19,31.51130
2014-06-20,31.37180
2014-06-23,31.48450
2014-06-24,31.88510
2014-06-25,31.82890
2014-06-26,31.58070
2014-06-27,31.58450
2014-06-30,29.56600
2014-07-01,29.77130
2014-07-02,30.16280
2014-07-03,30.14430
2014-07-04,30.24880
2014-07-07,30.31550
2014-07-08,29.35930
2014-07-09,29.15400
2014-07-10,29.20330
2014-07-11,28.52350
2014-07-14,28.56960
2014-07-15,29.02860
2014-07-16,29.50560
2014-07-17,29.73300
2014-07-18,29.77990
2014-07-21,29.77820
2014-07-22,29.86190
2014-07-23,29.88040
2014-07-24,29.95310
2014-07-25,29.52290
2014-07-28,29.39110
2014-07-30,29.44790
2014-07-31,29.21320
2014-08-01,28.85870
2014-08-04,29.29790
2014-08-05,29.55860
2014-08-06,29.18920
2014-08-07,29.14500
2014-08-08,28.69650
2014-08-11,28.85100
2014-08-12,29.21610
2014-08-13,29.08630
2014-08-14,29.36410
2014-08-18,29.90300
2014-08-19,30.18000
2014-08-20,30.10100
2014-08-21,30.17670
2014-08-22,30.31590
2014-08-25,29.98780
2014-08-26,29.86750
2014-08-27,30.05990
2014-08-28,30.06780
2014-09-01,30.55380
2014-09-02,30.67880
2014-09-03,30.80760
2014-09-04,30.64760
2014-09-05,30.65860
2014-09-08,31.00100
2014-09-09,30.93340
2014-09-10,30.78700
2014-09-11,30.85530
2014-09-12,30.89890
2014-09-15,30.68180
2014-09-16,29.99730
2014-09-17,30.12900
2014-09-18,30.69440
2014-09-19,30.58430
2014-09-22,30.75740
2014-09-23,30.24040
2014-09-24,29.99480
2014-09-25,29.38080
2014-09-26,29.79660
2014-09-29,29.67120
2014-09-30,29.60680
2014-10-01,29.50400
2014-10-07,29.10340
2014-10-08,29.09290
2014-10-09,29.55920
2014-10-10,29.08330
2014-10-13,29.30500
2014-10-14,29.24270
2014-10-16,28.79590
2014-10-17,28.85230
2014-10-20,29.30770
2014-10-21,29.63790
2014-10-22,29.88460
2014-10-27,29.79570
2014-10-28,29.91800
2014-10-29,30.15700
2014-10-30,30.46560
2014-10-31,31.02060
2014-11-03,31.18480
2014-11-05,31.32290
2014-11-07,31.50340
2014-11-10,31.38720
2014-11-11,31.49960
2014-11-12,31.67050
2014-11-13,31.49880
2014-11-14,31.66340
2014-11-17,31.82030
2014-11-18,31.96560
2014-11-19,31.78000
2014-11-20,31.74730
2014-11-21,32.02200
2014-11-24,32.13900
2014-11-25,31.73510
2014-11-26,31.69860
2014-11-27,31.74980
2014-11-28,32.18500
2014-12-01,32.08810
2014-12-02,32.07970
2014-12-03,32.34760
2014-12-04,32.41220
2014-12-05,32.28530
2014-12-08,31.87020
2014-12-09,31.34430
2014-12-10,31.60640
2014-12-11,31.37250
2014-12-12,31.01990
2014-12-15,30.85570
2014-12-16,30.17700
2014-12-17,30.12500
2014-12-18,30.87460
2014-12-19,31.08130
2014-12-22,31.44630
2014-12-23,31.16270
2014-12-24,30.91280
2014-12-26,31.03520
2014-12-29,31.24420
2014-12-30,31.38590
2014-12-31,31.51950
2015-01-01,31.57610
2015-01-02,32.01780
2015-01-05,31.95610
2015-01-06,30.91560
2015-01-07,30.75040
2015-01-08,31.33060
2015-01-09,31.39600
2015-01-12,31.53180
2015-01-13,31.42040
2015-01-14,31.25400
2015-01-15,32.02250
2015-01-16,32.19800
2015-01-19,32.47110
2015-01-20,32.97320
2015-01-21,32.95740
2015-01-22,33.09500
2015-01-23,33.31800
2015-01-27,33.75250
2015-01-28,33.77960
2015-01-29,33.87520
2015-01-30,33.42460
2015-02-02,33.46220
2015-02-03,33.23390
2015-02-04,33.01140
2015-02-05,32.88170
2015-02-06,32.63510
2015-02-09,32.19120
2015-02-10,32.53580
2015-02-11,32.83310
2015-02-12,33.23220
2015-02-13,33.52910
2015-02-16,33.43150
2015-02-18,33.59790
2015-02-19,33.72930
2015-02-20,33.57340
2015-02-23,33.29040
2015-02-24,33.20600
2015-02-25,33.18400
2015-02-26,32.93460
2015-02-27,33.73370
2015-03-02,34.25980
2015-03-03,34.36020
2015-03-04,33.96050
2015-03-05,34.05470
2015-03-09,33.35590
2015-03-10,33.21010
2015-03-11,33.05480
2015-03-12,33.35050
2015-03-13,32.81770
2015-03-16,32.73840
2015-03-17,33.05290
2015-03-18,32.95150
2015-03-19,32.73590
2015-03-20,32.47780
2015-03-23,32.25450
2015-03-24,32.21550
2015-03-25,32.22510
2015-03-26,31.55010
2015-03-27,31.63290
2015-03-30,32.18290
2015-03-31,32.15910
2015-04-01,32.41890
2015-04-06,32.73600
2015-04-07,32.72050
2015-04-08,32.90420
2015-04-09,33.11160
2015-04-10,33.11600
2015-04-13,33.26970
2015-04-15,32.99820
2015-04-16,32.76390
2015-04-17,32.36300
2015-04-20,31.93210
2015-04-21,31.75850
2015-04-22,31.84670
2015-04-23,31.77240
2015-04-24,31.47820
2015-04-27,31.12570
2015-04-28,31.54300
2015-04-29,31.50150
2015-04-30,31.47400
2015-05-04,31.92600
2015-05-05,31.96570
2015-05-06,30.98240
2015-05-07,30.68650
2015-05-08,31.25510
2015-05-11,31.91110
2015-05-12,31.16870
2015-05-13,31.65370
2015-05-14,31.60790
2015-05-15,31.68630
2015-05-18,32.05920
2015-05-19,31.96640
2015-05-20,32.15330
2015-05-21,32.17690
2015-05-22,32.30020
2015-05-25,32.03760
2015-05-26,31.93570
2015-05-27,31.82730
2015-05-28,31.73960
2015-05-29,32.11170
2015-06-01,31.95720
2015-06-02,31.26800
2015-06-03,30.97050
2015-06-04,30.97130
2015-06-05,30.89670
2015-06-08,30.61190
2015-06-09,30.59050
2015-06-10,31.03190
2015-06-11,30.50770
2015-06-12,30.57480
2015-06-15,30.66130
2015-06-16,30.86140
2015-06-17,31.01180
2015-06-18,31.31300
2015-06-19,31.46280
2015-06-22,31.99700
2015-06-23,32.08180
2015-06-24,31.99670
2015-06-25,32.12180
2015-06-26,32.14600
2015-06-29,31.81700
2015-06-30,31.99560
2015-07-01,32.42440
2015-07-02,32.39820
2015-07-03,32.54470
2015-07-06,32.66200
2015-07-07,32.60830
2015-07-08,31.99310
2015-07-09,31.83440
2015-07-10,31.98050
2015-07-13,32.37160
2015-07-14,32.32790
2015-07-15,32.57260
2015-07-16,32.94780
2015-07-17,32.96350
2015-07-20,32.97690
2015-07-21,32.74510
2015-07-22,33.06780
2015-07-23,33.03110
2015-07-24,32.73540
2015-07-27,32.15350
2015-07-28,32.11090
2015-07-29,32.22060
2015-07-30,32.37610
2015-07-31,32.94420
2015-08-03,32.99760
2015-08-04,33.01770
2015-08-05,33.20410
2015-08-06,33.18420
2015-08-07,33.04130
2015-08-10,32.97090
2015-08-11,32.78790
2015-08-12,32.25780
2015-08-13,32.29250
2015-08-14,32.92330
2015-08-17,32.77260
2015-08-18,32.89390
2015-08-19,33.05420
2015-08-20,32.46150
2015-08-21,32.22470
2015-08-24,30.19090
2015-08-25,30.65810
2015-08-26,30.45970
2015-08-27,31.00910
2015-08-28,31.18390
2015-08-31,31.06860
2015-09-01,30.37280
2015-09-02,30.22730
2015-09-03,30.63380
2015-09-04,29.92780
2015-09-07,29.44930
2015-09-08,29.83360
2015-09-09,30.34160
2015-09-10,30.28290
2015-09-11,30.33360
2015-09-14,30.62860
2015-09-15,30.47350
2015-09-16,30.73190
2015-09-18,31.02810
2015-09-21,31.02880
2015-09-22,30.34710
2015-09-23,30.47570
2015-09-24,30.57600
2015-09-28,30.27720
2015-09-29,30.46970
2015-09-30,30.87280
2015-10-01,30.77500
2015-10-05,31.41820
2015-10-06,31.50890
2015-10-07,31.30680
2015-10-08,31.04480
2015-10-09,31.15180
2015-10-12,31.07450
2015-10-13,31.05290
2015-10-14,30.93110
2015-10-15,31.19290
2015-10-16,31.37710
2015-10-19,31.57400
2015-10-20,31.62730
2015-10-21,31.55730
2015-10-23,31.67440
2015-10-26,31.49210
2015-10-27,31.49190
2015-10-28,31.25670
2015-10-29,31.08940
2015-10-30,30.96080
2015-11-02,30.98060
2015-11-03,30.98530
2015-11-04,30.95600
2015-11-05,30.61190
2015-11-06,30.59900
2015-11-09,30.55730
2015-11-10,30.08060
2015-11-13,26.36730
2015-11-16,26.45010
2015-11-17,26.56280
2015-11-18,26.26840
2015-11-19,26.64900
2015-11-20,26.70200
2015-11-23,26.63280
2015-11-24,26.60400
2015-11-26,26.75260
2015-11-27,26.91510
2015-11-30,27.00430
2015-12-01,27.04450
2015-12-02,26.92110
2015-12-03,26.75460
2015-12-04,26.53540
2015-12-07,26.46010
2015-12-08,26.27990
2015-12-09,25.89580
2015-12-10,26.06460
2015-12-11,25.76760
2015-12-14,25.79780
2015-12-15,25.99550
2015-12-16,26.17680
2015-12-17,26.52980
2015-12-18,26.27980
2015-12-21,26.54400
2015-12-22,26.42480
2015-12-23,26.68910
2015-12-24,26.73130
2015-12-28,26.92760
2015-12-29,26.91970
2015-12-30,26.87960
2015-12-31,27.00840
2016-01-01,27.08950
2016-01-04,26.50580
2016-01-05,26.48370
2016-01-06,26.33990
2016-01-07,25.74510
2016-01-08,25.99610
2016-01-11,25.89410
2016-01-12,25.61780
2016-01-13,25.74240
2016-01-14,25.55530
2016-01-15,25.24250
2016-01-18,24.77330
2016-01-19,25.13230
2016-01-20,24.69240
2016-01-21,24.67370
2016-01-22,25.14380
2016-01-25,25.20370
2016-01-27,25.26570
2016-01-28,25.23160
2016-01-29,25.80420
2016-02-01,25.86970
2016-02-02,25.51160
2016-02-03,25.33310
2016-02-04,25.33670
2016-02-05,25.72600
2016-02-08,25.36740
2016-02-09,24.90470
2016-02-10,24.65150
2016-02-11,23.79790
2016-02-12,23.77460
2016-02-15,24.41750
2016-02-16,24.05620
2016-02-17,24.17020
2016-02-18,24.39440
2016-02-19,24.41100
2016-02-22,24.44010
2016-02-23,24.03790
2016-02-24,23.72720
2016-02-25,23.43310
2016-02-26,23.66650
2016-02-29,23.58660
2016-03-01,24.49950
2016-03-02,25.02650
2016-03-03,25.32360
2016-03-04,25.34060
2016-03-08,25.33230
2016-03-09,25.56960
2016-03-10,25.48840
2016-03-11,25.66990
2016-03-14,25.82300
2016-03-15,25.54680
2016-03-16,25.57910
2016-03-17,25.61790
2016-03-18,25.89940
2016-03-21,26.26420
2016-03-22,26.28800
2016-03-23,26.44950
2016-03-28,26.04650
2016-03-29,25.97360
2016-03-30,26.47760
2016-03-31,26.60290
2016-04-01,26.48740
2016-04-04,26.60110
2016-04-05,26.06210
2016-04-06,26.05180
2016-04-07,25.84330
2016-04-08,25.86510
2016-04-11,26.22690
2016-04-12,26.37090
2016-04-13,26.83830
2016-04-18,27.23020
2016-04-20,27.19740
2016-04-21,27.14970
2016-04-22,27.17460
2016-04-25,27.06330
2016-04-26,27.35840
2016-04-27,27.34060
2016-04-28,26.97200
2016-04-29,26.98190
2016-05-02,27.09480
2016-05-03,26.89340
2016-05-04,26.72500
2016-05-05,26.84970
2016-05-06,26.86350
2016-05-09,27.27100
2016-05-10,27.29300
2016-05-11,27.26410
2016-05-12,27.50230
2016-05-13,27.25540
2016-05-16,27.43680
2016-05-17,27.56170
2016-05-18,27.47820
2016-05-19,27.21280
2016-05-20,27.14330
2016-05-23,27.03580
2016-05-24,27.06580
2016-05-25,27.65370
2016-05-26,28.03600
2016-05-27,28.29760
2016-05-30,28.41060
2016-05-31,28.45450
2016-06-01,28.46240
2016-06-02,28.61290
2016-06-03,28.58330
2016-06-06,28.56380
2016-06-07,28.69490
2016-06-08,28.70810
2016-06-09,28.52800
2016-06-10,28.40580
2016-06-13,28.20740
2016-06-14,28.25900
2016-06-15,28.52020
2016-06-16,28.30460
2016-06-17,28.40440
2016-06-20,28.63000
2016-06-21,28.58050
2016-06-22,28.51580
2016-06-23,28.72130
2016-06-24,27.99820
2016-06-27,28.04130
2016-06-28,28.05130
2016-06-29,28.34970
2016-06-30,28.67890
2016-07-01,28.82440
2016-07-04,28.97880
2016-07-05,28.91410
2016-07-07,28.81820
2016-07-08,28.84960
2016-07-11,29.30720
2016-07-12,29.53110
2016-07-13,29.43310
2016-07-14,29.58880
2016-07-15,29.52070
2016-07-18,29.41490
2016-07-19,29.45450
2016-07-20,29.63750
2016-07-21,29.53190
2016-07-22,29.72010
2016-07-25,30.02220
2016-07-26,29.99740
2016-07-27,30.18050
2016-07-28,30.40530
2016-07-29,30.39200
2016-08-01,30.56730
2016-08-02,30.42310
2016-08-03,30.00960
2016-08-04,30.09290
2016-08-05,30.51270
2016-08-08,30.60080
2016-08-09,30.49770
2016-08-10,30.15320
2016-08-11,30.21410
2016-08-12,30.45390
2016-08-16,30.29180
2016-08-17,30.29200
2016-08-18,30.55770
2016-08-19,30.61450
2016-08-22,30.41320
2016-08-23,30.34350
2016-08-24,30.52750
2016-08-25,30.34410
2016-08-26,30.34130
2016-08-29,30.48460
2016-08-30,30.89260
2016-08-31,31.13300
2016-09-01,31.08250
2016-09-02,31.23770
2016-09-06,31.80400
2016-09-07,31.74950
2016-09-08,31.79550
2016-09-09,31.49700
2016-09-12,30.84830
2016-09-14,31.01940
2016-09-15,31.04310
2016-09-16,31.10590
2016-09-19,31.25480
2016-09-20,31.22560
2016-09-21,31.25010
2016-09-22,31.72440
2016-09-23,31.69280
2016-09-26,31.30000
2016-09-27,31.30900
2016-09-28,31.48320
2016-09-29,30.71290
2016-09-30,31.01940
2016-10-03,31.56980
2016-10-04,31.73070
2016-10-05,31.71490
2016-10-06,31.51790
2016-10-07,31.52270
2016-10-10,31.49800
2016-10-13,31.07230
2016-10-14,31.25850
2016-10-17,31.09830
2016-10-18,31.75110
2016-10-19,31.67220
2016-10-20,31.73880
2016-10-21,31.75910
2016-10-24,31.77890
2016-10-25,31.73910
2016-10-26,31.39340
2016-10-27,31.26880
2016-10-28,31.39060
2016-11-01,31.49610
2016-11-02,31.00710
2016-11-03,27.83790
2016-11-04,27.56780
2016-11-07,27.85750
2016-11-08,28.02180
2016-11-09,27.62780
2016-11-10,28.12780
2016-11-11,27.22920
2016-11-15,26.21420
2016-11-16,26.20690
2016-11-17,26.16820
2016-11-18,26.13110
2016-11-21,25.60470
2016-11-22,25.84250
2016-11-23,26.01650
2016-11-24,25.79710
2016-11-25,26.33270
2016-11-28,26.35720
2016-11-29,26.36810
2016-11-30,26.63480
2016-12-01,26.51760
2016-12-02,26.15120
2016-12-05,26.33390
2016-12-06,26.34710
2016-12-07,26.24000
2016-12-08,26.74410
2016-12-09,26.88740
2016-12-12,26.59030
2016-12-13,26.68070
2016-12-14,26.57070
2016-12-15,26.49760
2016-12-16,26.49610
2016-12-19,26.41590
2016-12-20,26.33240
2016-12-21,26.26840
2016-12-22,25.98290
2016-12-23,25.92620
2016-12-26,25.57230
2016-12-27,26.02310
2016-12-28,26.01390
2016-12-29,26.26900
2016-12-30,26.52600
2017-01-02,26.56390
2017-01-03,26.70290
2017-01-04,26.70800
2017-01-05,27.01430
2017-01-06,26.91660
2017-01-09,27.01890
2017-01-10,27.18690
2017-01-11,27.54450
2017-01-12,27.71540
2017-01-13,27.70520
2017-01-16,27.77700
2017-01-17,27.74950
2017-01-18,27.85320
2017-01-19,27.91750
2017-01-20,27.61980
2017-01-23,27.73590
2017-01-24,27.95220
2017-01-25,28.28510
2017-01-27,28.43950
2017-01-30,28.35660
2017-01-31,28.03850
2017-02-01,28.56770
2017-02-02,28.66330
2017-02-03,28.74030
2017-02-06,28.92930
2017-02-07,28.81810
2017-02-08,28.82600
2017-02-09,28.85230
2017-02-10,28.87270
2017-02-13,28.89040
2017-02-14,28.79680
2017-02-15,28.46870
2017-02-16,28.72180
2017-02-17,28.92070
2017-02-20,29.06950
2017-02-21,29.20170
2017-02-22,29.20550
2017-02-23,29.20660
2017-02-27,29.08210
2017-02-28,29.05680
2017-03-01,29.24880
2017-03-02,29.05450
2017-03-03,29.02690
2017-03-06,29.24970
2017-03-07,29.20790
2017-03-08,29.15010
2017-03-09,29.20440
2017-03-10,29.16820
2017-03-14,29.66960
2017-03-15,29.69380
2017-03-16,29.92810
2017-03-17,29.98480
2017-03-20,29.91800
2017-03-21,29.89340
2017-03-22,29.62030
2017-03-23,29.91640
2017-03-24,30.03170
2017-03-27,29.86900
2017-03-28,30.01690
2017-03-29,30.13560
2017-03-30,30.30830
2017-03-31,30.29680
2017-04-03,30.45440
2017-04-05,30.59600
2017-04-06,30.57230
2017-04-07,30.34900
2017-04-10,30.35680
2017-04-11,30.56550
2017-04-12,30.51120
2017-04-13,30.25740
2017-04-17,30.19480
2017-04-18,30.17110
2017-04-19,30.20590
2017-04-20,30.26530
2017-04-21,30.29430
2017-04-24,30.58690
2017-04-25,30.82250
2017-04-26,30.97280
2017-04-27,31.04220
2017-04-28,30.97880
2017-05-02,31.03080
2017-05-03,30.95270
2017-05-04,30.98740
2017-05-05,30.70190
2017-05-08,30.83990
2017-05-09,30.90240
2017-05-10,31.17560
2017-05-11,31.23450
2017-05-12,31.06250
2017-05-15,31.17030
2017-05-16,31.34670
2017-05-17,31.29120
2017-05-18,30.84850
2017-05-19,30.80610
2017-05-22,30.82060
2017-05-23,30.64740
2017-05-24,30.51450
2017-05-25,31.08830
2017-05-26,31.51930
2017-05-29,31.42090
2017-05-30,31.56740
2017-05-31,31.58380
2017-06-01,31.52170
2017-06-02,31.63280
2017-06-05,31.75010
2017-06-06,31.60760
2017-06-07,31.72460
2017-06-08,31.72330
2017-06-09,31.86800
2017-06-12,31.72030
2017-06-13,31.65520
2017-06-14,31.66350
2017-06-15,31.64810
2017-06-16,31.73950
2017-06-19,31.99400
2017-06-20,32.02470
2017-06-21,31.93540
2017-06-22,31.90250
2017-06-23,31.68910
2017-06-27,31.47600
2017-06-28,31.49830
2017-06-29,31.49680
2017-06-30,31.55590
2017-07-03,31.84610
2017-07-04,31.85440
2017-07-05,31.97730
2017-07-06,32.12480
2017-07-07,32.09540
2017-07-10,32.39400
2017-07-11,32.37650
2017-07-12,32.51900
2017-07-13,32.88280
2017-07-14,32.89050
2017-07-17,32.99090
2017-07-18,32.67360
2017-07-19,32.97920
2017-07-20,32.86110
2017-07-21,32.94730
2017-07-24,33.04950
2017-07-25,33.05560
2017-07-26,33.33940
2017-07-27,33.39220
2017-07-28,33.39720
2017-07-31,33.58770
2017-08-01,33.71830
2017-08-02,33.61560
2017-08-03,33.40550
2017-08-04,33.55930
2017-08-07,33.59720
2017-08-08,33.34180
2017-08-09,32.96410
2017-08-10,32.59060
2017-08-11,32.29960
2017-08-14,32.72200
2017-08-16,33.06690
2017-08-17,33.03130
2017-08-18,32.81960
2017-08-21,32.51180
2017-08-22,32.44140
2017-08-23,32.87240
2017-08-24,32.95350
2017-08-28,33.12580
2017-08-29,32.73450
2017-08-30,33.01710
2017-08-31,33.13490
2017-09-01,33.41510
2017-09-04,33.22450
2017-09-05,33.36610
2017-09-06,33.36900
2017-09-07,33.51060
2017-09-08,33.54630
2017-09-11,33.92480
2017-09-12,34.10720
2017-09-13,34.07680
2017-09-14,34.03160
2017-09-15,33.96580
2017-09-18,34.22050
2017-09-19,34.22160
2017-09-20,34.17660
2017-09-21,34.04210
2017-09-22,33.33050
2017-09-25,32.95760
2017-09-26,33.07780
2017-09-27,32.56410
2017-09-28,32.62720
2017-09-29,32.75960
2017-10-03,33.04880
2017-10-04,33.18170
2017-10-05,33.18640
2017-10-06,33.45670
2017-10-09,33.43300
2017-10-10,33.53330
2017-10-11,33.27950
2017-10-12,33.66410
2017-10-13,33.85220
2017-10-16,34.01300
2017-10-17,34.01260
2017-10-18,33.99790
2017-10-23,33.88150
2017-10-24,33.84100
2017-10-25,33.90230
2017-10-26,34.01860
2017-10-27,34.00640
2017-10-30,34.11990
2017-10-31,33.97950
2017-11-01,34.32160
2017-11-02,34.32240
2017-11-03,34.44070
2017-11-06,34.40580
2017-11-07,34.14140
2017-11-08,33.90530
2017-11-09,33.99880
2017-11-10,33.98470
2017-11-13,33.63650
2017-11-14,33.52740
2017-11-15,33.23880
2017-11-16,33.58570
2017-11-17,33.93780
2017-11-20,34.01360
2017-11-21,34.06540
2017-11-22,34.03230
2017-11-23,34.07590
2017-11-24,34.21430
2017-11-27,34.28330
2017-11-28,34.20430
2017-11-29,34.16530
2017-11-30,33.73030
2017-12-01,33.39720
2017-12-04,33.43270
2017-12-05,33.42340
2017-12-06,33.17500
2017-12-07,33.63240
2017-12-08,33.99240
2017-12-11,34.14580
2017-12-12,33.88750
2017-12-13,33.60850
2017-12-14,33.80710
2017-12-15,34.19340
2017-12-18,34.37140
2017-12-19,34.69180
2017-12-20,34.63270
2017-12-21,34.59140
2017-12-22,34.73860
2017-12-26,34.87860
2017-12-27,34.73410
2017-12-28,34.77390
2017-12-29,31.37510
2018-01-01,31.12190
2018-01-02,31.12870
2018-01-03,31.19260
2018-01-04,31.34830
2018-01-05,31.60420
2018-01-08,31.74250
2018-01-09,31.79690
2018-01-10,31.74050
2018-01-11,31.80680
2018-01-12,31.92560
2018-01-15,32.05420
2018-01-16,31.86070
2018-01-17,32.17350
2018-01-18,32.22820
2018-01-19,32.49410
2018-01-22,32.69790
2018-01-23,33.14880
2018-01-24,32.95430
2018-01-25,33.03060
2018-01-29,33.10150
2018-01-30,32.83030
2018-01-31,32.74590
2018-02-01,32.78690
2018-02-02,31.94950
2018-02-05,31.58100
2018-02-06,31.17250
2018-02-07,31.05650
2018-02-08,31.32630
2018-02-09,30.98010
2018-02-12,31.31210
2018-02-14,31.16670
2018-02-15,31.24690
2018-02-16,30.89130
2018-02-19,30.62930
2018-02-20,30.54510
2018-02-21,30.62240
2018-02-22,30.63650
2018-02-23,31.05820
2018-02-26,31.39580
2018-02-27,31.31910
2018-02-28,31.05520
2018-03-01,30.92960
2018-03-05,30.53360
2018-03-06,30.25490
2018-03-07,29.97160
2018-03-08,30.19410
2018-03-09,30.07460
2018-03-12,30.71320
2018-03-13,30.78570
2018-03-14,30.77030
2018-03-15,30.61740
2018-03-16,30.19420
2018-03-19,29.89580
2018-03-20,29.98890
2018-03-21,30.12130
2018-03-22,30.04870
2018-03-23,29.62880
2018-03-26,30.08250
2018-03-27,30.23700
2018-03-28,29.98560
2018-04-02,30.25320
2018-04-03,30.44260
2018-04-04,30.01460
2018-04-05,30.63050
2018-04-06,30.64340
2018-04-09,30.76560
2018-04-10,30.86370
2018-04-11,30.95210
2018-04-12,31.08410
2018-04-13,31.13660
2018-04-16,31.25960
2018-04-17,31.29020
2018-04-18,31.21820
2018-04-19,31.48720
2018-04-20,31.39510
2018-04-23,31.49380
2018-04-24,31.60450
2018-04-25,31.47650
2018-04-26,31.68860
2018-04-27,31.88850
2018-04-30,32.07350
2018-05-02,31.89920
2018-05-03,31.75140
2018-05-04,31.52670
2018-05-07,31.82710
2018-05-08,31.75140
2018-05-09,31.82490
2018-05-10,31.71060
2018-05-11,32.01650
2018-05-14,31.93830
2018-05-15,31.94820
2018-05-16,31.77320
2018-05-17,31.53170
2018-05-18,31.19410
2018-05-21,30.92380
2018-05-22,31.00640
2018-05-23,30.66350
2018-05-24,30.91440
2018-05-25,31.28670
2018-05-28,31.55600
2018-05-29,31.42160
2018-05-30,31.36630
2018-05-31,31.75350
2018-06-01,31.57460
2018-06-04,31.36070
2018-06-05,31.16720
2018-06-06,31.43850
2018-06-07,31.71730
2018-06-08,31.63930
2018-06-11,31.65420
2018-06-12,31.75830
2018-06-13,31.71830
2018-06-14,31.65880
2018-06-15,31.63670
2018-06-18,31.54370
2018-06-19,31.25670
2018-06-20,31.49270
2018-06-21,31.36880
2018-06-22,31.60810
2018-06-25,31.41140
2018-06-26,31.42350
2018-06-27,31.17810
2018-06-28,31.01030
2018-06-29,31.37180
2018-07-02,31.21620
2018-07-03,31.33710
2018-07-04,31.42580
2018-07-05,31.35760
2018-07-06,31.40180
2018-07-09,31.72750
2018-07-10,32.00610
2018-07-11,31.94150
2018-07-12,32.09440
2018-07-13,32.07530
2018-07-16,31.78660
2018-07-17,32.02660
2018-07-18,31.91080
2018-07-19,31.87930
2018-07-20,32.03260
2018-07-23,32.33240
2018-07-24,32.56500
2018-07-25,32.54780
2018-07-26,32.57430
2018-07-27,32.90940
2018-07-30,33.03810
2018-07-31,33.02600
2018-08-01,32.87620
2018-08-02,32.57580
2018-08-03,33.00700
2018-08-06,33.17130
2018-08-07,33.19230
2018-08-08,33.28240
2018-08-09,33.38670
2018-08-10,33.25580
2018-08-13,32.96970
2018-08-14,33.21120
2018-08-16,33.04710
2018-08-17,33.37300
2018-08-20,33.57290
2018-08-21,33.59820
2018-08-23,33.59910
2018-08-24,33.48840
2018-08-27,33.92140
2018-08-28,34.05790
2018-08-29,33.93240
2018-08-30,33.89100
2018-08-31,33.86990
2018-09-03,33.59870
2018-09-04,33.31570
2018-09-05,33.29130
2018-09-06,33.43850
2018-09-07,33.59800
2018-09-10,33.22230
2018-09-11,32.83050
2018-09-12,32.96250
2018-09-14,33.43470
2018-09-17,33.09090
2018-09-18,32.73260
2018-09-19,32.63480
2018-09-21,31.99040
2018-09-24,31.35960
2018-09-25,31.63220
2018-09-26,31.70540
2018-09-27,31.30530
2018-09-28,31.03230
2018-10-01,31.19910
2018-10-03,30.81640
2018-10-04,30.31780
2018-10-05,29.52440
2018-10-08,29.45450
2018-10-09,29.33720
2018-10-10,29.81730
2018-10-11,29.24600
2018-10-12,29.90380
2018-10-15,29.98480
2018-10-16,30.21920
2018-10-17,29.82340
2018-10-19,29.33880
2018-10-22,29.28290
2018-10-23,28.98060
2018-10-24,29.07740
2018-10-25,28.80130
2018-10-26,28.44590
2018-10-29,29.13920
2018-10-30,29.01380
2018-10-31,29.56700
2018-11-01,29.59060
2018-11-02,30.15260
2018-11-05,30.08220
2018-11-06,30.11310
2018-11-09,30.34540
2018-11-12,30.04840
2018-11-13,30.32930
2018-11-14,30.21200
2018-11-15,30.29310
2018-11-16,30.40890
2018-11-19,30.69260
2018-11-20,30.34080
2018-11-21,30.21400
2018-11-22,29.99250
2018-11-26,30.20550
2018-11-27,30.33670
2018-11-28,30.39520
2018-11-29,30.69560
2018-11-30,30.70090
2018-12-03,30.73400
2018-12-04,30.63710
2018-12-05,30.30830
2018-12-06,29.82470
2018-12-07,30.06590
2018-12-10,29.46200
2018-12-11,29.62950
2018-12-12,30.19890
2018-12-13,30.39340
2018-12-14,30.43450
2018-12-17,30.63760
2018-12-18,30.76650
2018-12-19,30.94260
2018-12-20,30.85320
2018-12-21,30.30760
2018-12-24,30.05800
2018-12-26,30.23770
2018-12-27,28.07700
2018-12-28,28.31140
2018-12-31,28.32940
2019-01-01,28.41190
2019-01-02,28.12440
2019-01-03,27.82520
2019-01-04,27.94710
2019-01-07,28.12730
2019-01-08,28.27890
2019-01-09,28.44640
2019-01-10,28.38850
2019-01-11,28.30220
2019-01-14,28.13880
2019-01-15,28.45140
2019-01-16,28.47220
2019-01-17,28.48490
2019-01-18,28.41140
2019-01-21,28.56580
2019-01-22,28.39640
2019-01-23,28.19550
2019-01-24,28.23780
2019-01-25,28.05220
2019-01-28,27.74160
2019-01-29,27.69140
2019-01-30,27.83920
2019-01-31,28.34020
2019-02-01,28.31270
2019-02-04,28.33390
2019-02-05,28.39200
2019-02-06,28.72880
2019-02-07,28.76120
2019-02-08,28.42240
2019-02-11,28.26400
2019-02-12,28.15510
2019-02-13,28.04780
2019-02-14,27.89110
2019-02-15,27.75070
2019-02-18,27.56590
2019-02-19,27.53880
2019-02-20,27.85170
2019-02-21,28.02300
2019-02-22,28.01900
2019-02-25,28.21430
2019-02-26,28.09040
2019-02-27,28.05750
2019-02-28,28.04890
2019-03-01,28.20290
2019-03-05,28.53930
2019-03-06,28.73120
2019-03-07,28.74500
2019-03-08,28.70510
2019-03-11,29.03990
2019-03-12,29.43200
2019-03-13,29.50520
2019-03-14,29.46340
2019-03-15,29.64100
2019-03-18,29.72500
2019-03-19,29.91160
2019-03-20,29.86420
2019-03-22,29.75140
2019-03-25,29.40960
2019-03-26,29.84380
2019-03-27,29.76160
2019-03-28,30.14190
2019-03-29,30.35470
2019-04-01,30.53780
2019-04-02,30.62230
2019-04-03,30.39450
2019-04-04,30.29660
2019-04-05,30.43890
2019-04-08,30.27660
2019-04-09,30.36980
2019-04-10,30.08970
2019-04-11,30.04540
2019-04-12,30.17770
2019-04-15,30.22380
2019-04-16,30.51240
2019-04-18,30.42960
2019-04-22,30.09300
2019-04-23,30.05260
2019-04-24,30.43970
2019-04-25,30.23970
2019-04-26,30.59570
2019-04-30,30.70820
2019-05-02,30.62660
2019-05-03,30.63960
2019-05-06,30.39490
2019-05-07,30.08980
2019-05-08,29.71410
2019-05-09,29.54360
2019-05-10,29.50830
2019-05-13,29.04710
2019-05-14,29.23790
2019-05-15,29.09210
2019-05-16,29.35120
2019-05-17,29.67700
2019-05-20,30.82500
2019-05-21,30.50020
2019-05-22,30.65310
2019-05-23,30.55890
2019-05-24,31.13270
2019-05-27,31.39190
2019-05-28,31.35610
2019-05-29,31.09300
2019-05-30,31.33600
2019-05-31,31.31080
2019-06-03,31.60010
2019-06-04,31.46250
2019-06-06,30.95900
2019-06-07,30.99820
2019-06-10,31.08700
2019-06-11,31.23050
2019-06-12,31.05560
2019-06-13,31.11150
2019-06-14,30.86870
2019-06-17,30.52230
2019-06-18,30.59320
2019-06-19,30.64420
2019-06-20,31.05190
2019-06-21,30.78800
2019-06-24,30.75410
2019-06-25,30.99710
2019-06-26,31.21120
2019-06-27,31.22110
2019-06-28,31.11020
2019-07-01,31.31530
2019-07-02,31.39730
2019-07-03,31.40770
2019-07-04,31.48540
2019-07-05,31.19320
2019-07-08,30.62770
2019-07-09,30.65240
2019-07-10,30.55750
2019-07-11,30.74810
2019-07-12,30.74490
2019-07-15,30.84030
2019-07-16,31.02270
2019-07-17,31.10290
2019-07-18,30.87690
2019-07-19,30.49690
2019-07-22,30.34160
2019-07-23,30.30130
2019-07-24,30.26130
2019-07-25,30.29070
2019-07-26,30.33820
2019-07-29,30.24760
2019-07-30,30.06130
2019-07-31,30.07040
2019-08-01,29.62620
2019-08-02,29.67850
2019-08-05,29.31350
2019-08-06,29.56900
2019-08-07,29.38210
2019-08-08,29.82370
2019-08-09,30.04120
2019-08-13,29.62320
2019-08-14,29.86770
2019-08-16,29.86410
2019-08-19,29.97890
2019-08-20,29.86100
2019-08-21,29.63590
2019-08-22,29.09540
2019-08-23,29.31560
2019-08-26,29.98080
2019-08-27,30.12120
2019-08-28,30.04620
2019-08-29,29.79110
2019-08-30,29.96130
2019-09-03,29.30430
2019-09-04,29.45690
2019-09-05,29.31660
2019-09-06,29.49810
2019-09-09,29.57820
2019-09-11,29.60970
2019-09-12,29.54370
2019-09-13,29.79620
2019-09-16,29.58200
2019-09-17,29.11620
2019-09-18,29.21060
2019-09-19,28.88390
2019-09-20,30.38380
2019-09-23,31.20510
2019-09-24,31.12950
2019-09-25,30.69840
2019-09-26,31.00900
2019-09-27,30.99940
2019-09-30,30.96220
2019-10-01,30.61920
2019-10-03,30.51920
2019-10-04,30.08980
2019-10-07,29.93870
2019-10-09,30.44750
2019-10-10,30.27530
2019-10-11,30.47820
2019-10-14,30.60490
2019-10-15,30.77990
2019-10-16,30.90610
2019-10-17,31.20260
2019-10-18,31.37160
2019-10-22,31.29800
2019-10-23,31.31600
2019-10-24,31.38490
2019-10-25,31.42440
2019-10-29,31.83330
2019-10-30,31.99490
2019-10-31,31.99470
2019-11-01,31.97590
2019-11-04,32.13590
2019-11-05,32.02790
2019-11-06,32.27050
2019-11-07,32.38430
2019-11-08,32.26010
2019-11-11,32.28680
2019-11-13,32.12570
2019-11-14,32.27450
2019-11-15,32.41470
2019-11-18,32.38940
2019-11-19,32.42740
2019-11-20,32.50590
2019-11-21,32.48780
2019-11-22,32.28760
2019-11-25,32.65940
2019-11-26,32.63180
2019-11-27,32.71830
2019-11-28,32.89920
2019-11-29,32.68070
2019-12-02,32.71100
2019-12-03,32.64380
2019-12-04,32.75260
2019-12-05,32.69500
2019-12-06,32.48290
2019-12-09,32.45710
2019-12-10,32.31360
2019-12-11,32.43970
2019-12-12,32.53480
2019-12-13,32.83360
2019-12-16,32.78910
2019-12-17,33.07310
2019-12-18,33.14580
2019-12-19,33.23240
2019-12-20,33.31210
2019-12-23,33.25440
2019-12-24,33.11920
2019-12-26,32.85110
2019-12-27,30.70750
2019-12-30,30.63520
2019-12-31,30.41200
2020-01-01,30.45550
2020-01-02,30.76850
2020-01-03,30.62830
2020-01-06,30.06210
2020-01-07,30.22220
2020-01-08,30.21060
2020-01-09,30.70980
2020-01-10,30.84480
2020-01-13,31.05270
2020-01-14,31.07440
2020-01-15,31.02850
2020-01-16,31.09840
2020-01-17,31.12430
2020-01-20,30.80110
2020-01-21,30.66400
2020-01-22,30.57840
2020-01-23,30.81340
2020-01-24,31.00440
2020-01-27,30.70260
2020-01-28,30.53880
2020-01-29,30.67820
2020-01-30,30.49060
2020-01-31,30.38950
2020-02-03,29.60170
2020-02-04,30.29870
2020-02-05,30.56670
2020-02-06,30.63640
2020-02-07,30.45130
2020-02-10,30.40490
2020-02-11,30.57410
2020-02-12,30.82900
2020-02-13,30.75090
2020-02-14,30.66770
2020-02-17,30.46940
2020-02-18,30.35280
2020-02-19,30.70350
2020-02-20,30.57580
2020-02-24,29.97700
2020-02-25,29.94440
2020-02-26,29.68510
2020-02-27,29.58660
2020-02-28,28.55830
2020-03-02,28.45550
2020-03-03,28.79720
2020-03-04,28.64520
2020-03-05,28.70410
2020-03-06,28.10710
2020-03-09,26.77090
2020-03-11,26.79440
2020-03-12,24.76350
2020-03-13,25.68570
2020-03-16,23.85990
2020-03-17,23.35520
2020-03-18,22.26680
2020-03-19,21.65350
2020-03-20,22.72480
2020-03-23,19.90470
2020-03-24,20.44800
2020-03-25,21.65290
2020-03-26,22.38820
2020-03-27,22.39500
2020-03-30,21.46140
2020-03-31,22.29740
2020-04-01,21.52750
2020-04-03,21.06140
2020-04-07,22.91130
2020-04-08,22.83020
2020-04-09,23.72630
2020-04-13,23.38850
2020-04-15,23.33470
2020-04-16,23.57180
2020-04-17,24.09970
2020-04-20,24.11140
2020-04-21,23.51000
2020-04-22,23.98080
2020-04-23,24.21270
2020-04-24,23.90290
2020-04-27,24.13670
2020-04-28,24.25760
2020-04-29,24.66690
2020-04-30,25.24700
2020-05-04,23.88070
2020-05-05,23.66130
2020-05-06,23.82680
2020-05-07,23.60900
2020-05-08,23.80600
2020-05-11,23.74140
2020-05-12,23.61230
2020-05-13,24.06150
2020-05-14,23.59330
2020-05-15,23.53690
2020-05-18,22.76730
2020-05-19,22.91990
2020-05-20,23.39520
2020-05-21,23.50270
2020-05-22,23.34950
2020-05-26,23.32540
2020-05-27,23.93270
2020-05-28,24.38860
2020-05-29,24.64210
2020-06-01,25.20900
2020-06-02,25.52170
2020-06-03,25.75430
2020-06-04,25.65970
2020-06-05,25.87610
2020-06-08,25.94930
2020-06-09,25.64180
2020-06-10,25.82820
2020-06-11,25.26390
2020-06-12,25.47860
2020-06-15,25.11270
2020-06-16,25.39710
2020-06-17,25.37780
2020-06-18,25.82670
2020-06-19,26.20640
2020-06-22,26.37110
2020-06-23,26.77900
2020-06-24,26.28510
2020-06-25,26.27260
2020-06-26,26.50440
2020-06-29,26.34650
2020-06-30,26.40610
2020-07-01,26.68220
2020-07-02,26.94230
2020-07-03,27.11190
2020-07-06,27.39600
2020-07-07,27.60440
2020-07-08,27.28930
2020-07-09,27.54950
2020-07-10,27.43580
2020-07-13,27.49850
2020-07-14,27.05630
2020-07-15,27.06590
2020-07-16,27.38490
2020-07-17,27.78510
2020-07-20,28.03300
2020-07-21,28.35550
2020-07-22,28.27000
2020-07-23,28.39390
2020-07-24,28.33810
2020-07-27,28.11490
2020-07-28,28.53080
2020-07-29,28.29970
2020-07-30,28.11960
2020-07-31,28.09420
2020-08-03,27.66810
2020-08-04,28.11980
2020-08-05,28.15250
2020-08-06,28.42480
2020-08-07,28.40430
2020-08-10,28.54790
2020-08-11,28.61990
2020-08-12,28.56660
2020-08-13,28.55430
2020-08-14,28.25520
2020-08-17,28.35200
2020-08-18,28.71820
2020-08-19,28.78150
2020-08-20,28.51500
2020-08-21,28.65390
2020-08-24,28.91270
2020-08-25,28.92790
2020-08-26,29.04120
2020-08-27,29.04080
2020-08-28,29.28420
2020-08-31,28.57640
2020-09-01,28.82390
2020-09-02,28.94420
2020-09-03,28.90550
2020-09-04,28.47250
2020-09-07,28.48190
2020-09-08,28.42830
2020-09-09,28.31460
2020-09-10,28.65920
2020-09-11,28.69240
2020-09-14,28.64670
2020-09-15,28.89120
2020-09-16,29.10390
2020-09-17,28.92170
2020-09-18,28.83980
2020-09-21,28.17950
2020-09-22,28.01060
2020-09-23,27.97950
2020-09-24,27.19360
2020-09-25,27.85550
2020-09-28,28.34470
2020-09-29,28.30580
2020-09-30,28.37760
2020-10-01,28.87250
2020-10-05,29.07510
2020-10-06,29.43210
2020-10-07,29.61660
2020-10-08,29.89280
2020-10-09,30.13060
2020-10-12,30.16220
2020-10-13,30.16910
2020-10-14,30.30740
2020-10-15,29.54010
2020-10-16,29.75320
2020-10-19,30.04500
2020-10-20,30.17830
2020-10-21,30.31100
2020-10-22,30.19340
2020-10-23,30.24530
2020-10-26,29.88700
2020-10-27,30.33780
2020-10-28,29.93810
2020-10-29,29.83430
2020-10-30,29.59720
2020-11-02,29.85600
2020-11-03,30.25260
2020-11-04,30.49360
2020-11-05,30.99180
2020-11-06,31.27050
2020-11-09,31.83320
2020-11-10,32.16860
2020-11-11,32.51810
2020-11-12,32.35580
2020-11-13,32.45420
2020-11-17,32.81520
2020-11-18,32.93260
2020-11-19,32.41140
2020-11-20,32.64300
2020-11-23,32.76020
2020-11-24,33.08540
2020-11-25,32.47880
2020-11-26,32.80920
2020-11-27,32.77290
2020-12-01,33.12930
2020-12-02,33.10610
2020-12-03,33.14040
2020-12-04,33.55550
2020-12-07,33.76120
2020-12-08,33.84350
2020-12-09,34.20560
2020-12-10,34.06330
2020-12-11,34.11970
2020-12-14,34.26110
2020-12-15,34.29680
2020-12-16,34.60170
2020-12-17,34.74530
2020-12-18,34.81730
2020-12-21,33.83120
2020-12-22,34.20490
2020-12-23,34.55560
2020-12-24,34.93670
2020-12-28,35.22960
2020-12-29,32.90230
2020-12-30,33.05720
2020-12-31,33.05100
2021-01-01,33.10450
2021-01-04,33.35140
2021-01-05,33.55870
2021-01-06,33.43730
2021-01-07,33.41580
2021-01-08,33.94390
2021-01-11,34.35630
2021-01-12,34.54300
2021-01-13,34.51280
2021-01-14,34.51570
2021-01-15,34.15940
2021-01-18,33.71280
2021-01-19,34.36500
2021-01-20,34.69460
2021-01-21,34.63150
2021-01-22,34.09960
2021-01-25,33.80620
2021-01-27,33.08560
2021-01-28,32.81180
2021-01-29,32.36990
2021-02-01,33.99070
2021-02-02,34.98460
2021-02-03,35.26130
2021-02-04,35.50430
2021-02-05,35.35770
2021-02-08,35.83960
2021-02-09,35.84360
2021-02-10,35.84130
2021-02-11,35.96180
2021-02-12,35.99440
2021-02-15,36.50970
2021-02-16,36.37970
2021-02-17,36.10390
2021-02-18,35.72100
2021-02-19,35.27990
2021-02-22,34.55030
2021-02-23,34.64060
2021-02-24,35.36600
2021-02-25,35.51080
2021-02-26,34.21730
2021-03-01,34.73040
2021-03-02,35.13350
2021-03-03,35.87400
2021-03-04,35.49260
2021-03-05,35.12730
2021-03-08,35.15310
2021-03-09,35.48840
2021-03-10,35.75690
2021-03-12,35.40240
2021-03-15,35.12660
2021-03-16,35.07940
2021-03-17,34.56990
2021-03-18,34.12410
2021-03-19,34.50390
2021-03-22,34.43160
2021-03-23,34.74550
2021-03-24,34.10060
2021-03-25,33.58260
2021-03-26,34.02330
2021-03-30,34.73200
2021-03-31,34.45220
2021-04-01,34.85850
2021-04-05,34.23560
2021-04-06,34.24720
2021-04-07,34.57690
2021-04-08,34.72850
2021-04-09,34.63740
2021-04-12,33.28060
2021-04-13,33.77620
2021-04-15,33.97500
2021-04-16,34.01050
2021-04-19,33.37680
2021-04-20,33.21840
2021-04-22,33.36330
2021-04-23,33.17140
2021-04-26,33.54720
2021-04-27,33.97520
2021-04-28,34.51530
2021-04-29,34.52700
2021-04-30,33.86510
2021-05-03,33.81680
2021-05-04,33.51070
2021-05-05,33.88730
2021-05-06,34.06440
2021-05-07,34.16440
2021-05-10,34.39320
2021-05-11,34.20630
2021-05-12,33.99850
2021-05-14,33.90500
2021-05-17,34.56330
2021-05-18,35.06640
2021-05-19,34.85520
2021-05-20,34.64870
2021-05-21,35.29480
2021-05-24,35.33820
2021-05-25,35.38920
2021-05-26,35.66920
2021-05-27,35.83660
2021-05-28,35.86170
2021-05-31,36.19010
2021-06-01,36.13740
2021-06-02,36.19330
2021-06-03,36.52880
2021-06-04,36.44130
2021-06-07,36.61370
2021-06-08,36.61990
2021-06-09,36.33400
2021-06-10,36.62070
2021-06-11,36.75250
2021-06-14,36.80820
2021-06-15,36.99320
2021-06-16,36.77300
2021-06-17,36.63150
2021-06-18,36.55270
2021-06-21,36.63930
2021-06-22,36.72510
2021-06-23,36.55000
2021-06-24,36.84270
2021-06-25,37.11650
2021-06-28,37.02570
2021-06-29,36.89370
2021-06-30,36.79760
2021-07-01,36.70860
2021-07-02,36.87350
2021-07-05,37.16730
2021-07-06,37.09110
2021-07-07,37.21070
2021-07-08,36.85350
2021-07-09,36.74600
2021-07-12,36.80490
2021-07-13,37.11800
2021-07-14,37.20450
2021-07-15,37.41170
2021-07-16,37.36090
2021-07-19,37.01740
2021-07-20,36.71620
2021-07-22,37.08190
2021-07-23,37.19670
2021-07-26,37.12840
2021-07-27,36.98530
2021-07-28,36.85040
2021-07-29,37.06210
2021-07-30,37.03710
2021-08-02,37.41770
2021-08-03,38.03260
2021-08-04,38.22160
2021-08-05,38.12370
2021-08-06,37.93180
2021-08-09,38.01500
2021-08-10,38.00360
2021-08-11,37.95280
2021-08-12,38.13510
2021-08-13,38.51370
2021-08-16,38.51500
2021-08-17,38.63020
2021-08-18,38.53210
2021-08-20,38.27030
2021-08-23,38.34960
2021-08-24,38.69230
2021-08-25,38.67690
2021-08-26,38.73890
2021-08-27,38.92300
2021-08-30,39.52820
2021-08-31,39.94620
2021-09-01,39.91870
2021-09-02,40.32920
2021-09-03,40.44880
2021-09-06,40.56100
2021-09-07,40.39890
2021-09-08,40.43550
2021-09-09,40.42650
2021-09-13,40.37710
2021-09-14,40.45790
2021-09-15,40.77530
2021-09-16,40.92470
2021-09-17,40.67330
2021-09-20,40.18860
2021-09-21,40.47320
2021-09-22,40.42610
2021-09-23,41.08060
2021-09-24,41.11960
2021-09-27,41.05080
2021-09-28,40.73560
2021-09-29,40.68370
2021-09-30,40.53820
2021-10-01,40.34630
2021-10-04,40.72470
2021-10-05,40.94920
2021-10-06,40.54440
2021-10-07,41.11550
2021-10-08,41.31490
2021-10-11,41.41530
2021-10-12,41.53530
2021-10-13,42.03130
2021-10-14,42.31470
2021-10-18,42.66230
2021-10-19,42.44340
2021-10-20,42.05530
2021-10-21,41.88270
2021-10-22,41.74120
2021-10-25,41.89730
2021-10-26,42.29330
2021-10-27,42.15750
2021-10-28,41.35950
2021-10-29,41.03740
2021-11-01,41.61650
2021-11-02,41.61310
2021-11-03,41.61270
2021-11-08,42.14640
2021-11-09,42.16260
2021-11-10,42.06570
2021-11-11,41.61610
2021-11-12,42.08520
2021-11-15,42.05390
2021-11-16,41.85090
2021-11-17,41.67330
2021-11-18,41.37460
2021-11-22,40.45190
2021-11-23,40.64150
2021-11-24,40.42290
2021-11-25,40.56160
2021-11-26,39.38110
2021-11-29,39.37070
2021-11-30,39.35610
2021-12-01,39.83320
2021-12-02,40.24610
2021-12-03,39.87580
2021-12-06,39.20220
2021-12-07,39.88490
2021-12-08,40.65610
2021-12-09,40.73340
2021-12-10,40.79670
2021-12-13,40.60170
2021-12-14,40.64860
2021-12-15,40.49550
2021-12-16,40.49980
2021-12-17,39.87050
2021-12-20,38.95150
2021-12-21,39.34860
2021-12-22,39.82730
2021-12-23,40.09390
2021-12-24,39.94930
2021-12-27,40.17390
2021-12-28,37.61680
2021-12-29,37.54640
2021-12-30,37.52710
2021-12-31,37.89860
2022-01-03,38.47350
2022-01-04,38.76420
2022-01-05,38.95720
2022-01-06,38.60850
2022-01-07,38.71650
2022-01-10,39.21840
2022-01-11,39.33450
2022-01-12,39.59580
2022-01-13,39.64080
2022-01-14,39.64320
2022-01-17,39.72180
2022-01-18,39.25880
2022-01-19,38.99160
2022-01-20,38.69380
2022-01-21,38.23800
2022-01-24,37.11790
2022-01-25,37.44020
2022-01-27,37.06990
2022-01-28,36.96940
2022-01-31,37.59340
2022-02-01,38.16540
2022-02-02,38.53080
2022-02-03,38.13370
2022-02-04,38.09340
2022-02-07,37.52450
2022-02-08,37.61210
2022-02-09,38.04240
2022-02-10,38.25550
2022-02-11,37.61510
2022-02-14,36.37280
2022-02-15,37.55730
2022-02-16,37.35190
2022-02-17,37.25050
2022-02-18,37.14000
2022-02-21,36.95450
2022-02-22,36.61510
2022-02-23,36.60770
2022-02-24,34.79620
2022-02-25,35.72420
2022-02-28,35.88670
2022-03-02,35.39460
2022-03-03,35.01850
2022-03-04,34.43030
2022-03-07,33.32330
2022-03-08,33.71470
2022-03-09,34.52170
2022-03-10,35.07680
2022-03-11,35.10970
2022-03-14,35.66230
2022-03-15,35.36260
2022-03-16,36.07730
2022-03-17,36.65170
2022-03-21,36.23510
2022-03-22,36.62650
2022-03-23,36.46340
2022-03-24,36.36310
2022-03-25,36.24070
2022-03-28,36.34340
2022-03-29,36.58910
2022-03-30,37.08890
2022-03-31,36.99830
2022-04-01,37.33150
2022-04-04,37.96910
2022-04-05,37.83720
2022-04-06,37.57740
2022-04-07,37.40490
2022-04-08,37.62450
2022-04-11,37.38590
2022-04-12,37.07970
2022-04-13,36.97550
2022-04-18,36.33360
2022-04-19,35.96460
2022-04-20,36.22340
2022-04-21,36.75520
2022-04-22,36.25110
2022-04-25,35.70790
2022-04-26,36.20240
2022-04-27,35.74760
2022-04-28,36.24480
2022-04-29,35.86390
2022-05-02,35.64880
2022-05-04,34.72290
2022-05-05,34.77630
2022-05-06,34.15630
2022-05-09,33.85600
2022-05-10,33.62990
2022-05-11,33.52510
2022-05-12,32.84770
2022-05-13,32.84060
2022-05-16,32.96860
2022-05-17,33.81160
2022-05-18,33.75930
2022-05-19,32.96060
2022-05-20,33.82080
2022-05-23,33.87820
2022-05-24,33.63750
2022-05-25,33.29290
2022-05-26,33.65970
2022-05-27,34.17040
2022-05-30,34.89800
2022-05-31,34.82080
2022-06-01,34.58880
2022-06-02,34.74890
2022-06-03,34.55140
2022-06-06,34.49270
2022-06-07,34.07470
2022-06-08,33.95810
2022-06-09,34.18450
2022-06-10,33.75610
2022-06-13,32.86170
2022-06-14,32.80840
2022-06-15,32.80210
2022-06-16,32.18040
2022-06-17,32.06590
2022-06-20,32.14680
2022-06-21,32.82100
2022-06-22,32.36750
2022-06-23,32.72820
2022-06-24,33.04180
2022-06-27,33.36930
2022-06-28,33.41730
2022-06-29,33.24800
2022-06-30,33.23430
2022-07-01,33.26750
2022-07-04,33.54960
2022-07-05,33.49160
2022-07-06,33.96120
2022-07-07,34.36340
2022-07-08,34.64960
2022-07-11,34.74440
2022-07-12,34.44520
2022-07-13,34.37200
2022-07-14,34.26460
2022-07-15,34.51660
2022-07-18,35.01950
2022-07-19,35.18560
2022-07-20,35.53390
2022-07-21,35.78390
2022-07-22,35.97280
2022-07-25,35.82520
2022-07-26,35.46860
2022-07-27,35.88480
2022-07-28,36.43310
2022-07-29,36.87170
2022-08-01,37.23030
2022-08-02,37.18340
2022-08-03,37.21580
2022-08-04,37.25130
2022-08-05,37.35060
2022-08-08,37.57030
2022-08-10,37.54720
2022-08-11,37.83700
2022-08-12,37.91150
2022-08-16,38.25680
2022-08-17,38.51860
2022-08-18,38.50840
2022-08-19,37.97750
2022-08-22,37.37080
2022-08-23,37.56340
2022-08-24,37.62940
2022-08-25,37.48480
2022-08-26,37.58850
2022-08-29,37.10270
2022-08-30,38.11660
2022-09-01,37.75690
2022-09-02,37.72870
2022-09-05,37.96770
2022-09-06,37.92440
2022-09-07,37.87540
2022-09-08,38.30360
2022-09-09,38.37510
2022-09-12,38.69560
2022-09-13,38.96040
2022-09-14,38.87420
2022-09-15,38.58800
2022-09-16,37.76180
2022-09-19,37.94290
2022-09-20,38.40150
2022-09-21,38.21040
2022-09-22,38.04780
2022-09-23,37.33130
2022-09-26,36.57750
2022-09-27,36.50690
2022-09-28,36.21450
2022-09-29,36.20370
2022-09-30,36.72550
2022-10-03,36.22970
2022-10-04,37.01590
2022-10-06,37.18260
2022-10-07,37.10790
2022-10-10,36.91980
2022-10-11,36.42510
2022-10-12,36.74550
2022-10-13,36.47180
2022-10-14,36.83180
2022-10-17,37.14740
2022-10-18,37.57220
2022-10-19,37.67660
2022-10-20,37.64500
2022-10-21,37.74270
2022-10-25,38.04940
2022-10-27,38.20690
2022-10-28,38.16320
2022-10-31,38.62970
2022-11-01,38.78980
2022-11-02,38.67040
2022-11-03,38.62520
2022-11-04,38.68860
2022-11-07,38.85010
2022-11-09,38.83110
2022-11-10,38.34350
2022-11-11,38.89590
2022-11-14,38.81480
2022-11-15,38.98820
2022-11-16,38.94360
2022-11-17,38.79300
2022-11-18,38.65250
2022-11-21,38.39960
2022-11-22,38.60410
2022-11-23,38.69790
2022-11-24,39.11640
2022-11-25,39.20180
2022-11-28,39.33040
2022-11-29,39.42750
2022-11-30,39.71810
2022-12-01,39.86040
2022-12-02,39.70150
2022-12-05,39.65940
2022-12-06,39.51340
2022-12-07,39.40880
2022-12-08,39.53910
2022-12-09,39.36530
2022-12-12,39.33690
2022-12-13,39.50250
2022-12-14,39.62710
2022-12-15,39.17210
2022-12-16,38.79170
2022-12-19,39.07160
2022-12-20,38.95520
2022-12-21,38.57210
2022-12-22,38.44870
2022-12-23,37.70400
2022-12-26,38.29990
2022-12-27,35.00020
2022-12-28,34.98550
2022-12-29,35.11530
2022-12-30,34.95110
2023-01-02,35.08150
2023-01-03,35.15210
2023-01-04,34.78230
2023-01-05,34.66050
2023-01-06,34.42210
2023-01-09,34.82170
2023-01-10,34.48070
2023-01-11,34.41040
2023-01-12,34.41220
2023-01-13,34.57080
2023-01-16,34.43840
2023-01-17,34.63710
2023-01-18,34.78860
2023-01-19,34.69720
2023-01-20,34.53380
2023-01-23,34.64720
2023-01-24,34.60410
2023-01-25,34.08960
2023-01-27,33.51280
2023-01-30,33.52930
2023-01-31,33.70410
2023-02-01,33.61460
2023-02-02,33.80640
2023-02-03,34.27470
2023-02-06,34.20160
2023-02-07,34.07970
2023-02-08,34.28980
2023-02-09,34.38200
2023-02-10,34.38730
2023-02-13,34.18270
2023-02-14,34.40690
2023-02-15,34.61580
2023-02-16,34.82120
2023-02-17,34.61530
2023-02-20,34.49450
2023-02-21,34.42040
2023-02-22,33.99110
2023-02-23,33.88680
2023-02-24,33.83010
2023-02-27,33.73250
2023-02-28,33.59320
2023-03-01,33.85110
2023-03-02,33.60440
2023-03-03,34.06600
2023-03-06,34.26750
2023-03-08,34.36910
2023-03-09,34.06950
2023-03-10,33.68370
2023-03-13,33.18310
2023-03-14,33.05530
2023-03-15,32.87130
2023-03-16,32.96770
2023-03-17,33.18450
2023-03-20,33.01780
2023-03-21,33.20600
2023-03-22,33.27910
2023-03-23,33.15080
2023-03-24,32.91060
2023-03-27,32.98200
2023-03-28,32.91190
2023-03-29,33.16950
2023-03-31,33.71970
2023-04-03,33.77260
2023-04-05,34.08020
2023-04-06,34.12940
2023-04-10,34.21090
2023-04-11,34.35330
2023-04-12,34.52320
2023-04-13,34.54030
2023-04-17,34.25430
2023-04-18,34.26480
2023-04-19,34.12650
2023-04-20,34.07520
2023-04-21,34.02050
2023-04-24,34.22810
2023-04-25,34.26390
2023-04-26,34.37020
2023-04-27,34.54200
2023-04-28,34.83100
2023-05-02,35.01740
2023-05-03,34.96380
2023-05-04,35.20600
2023-05-05,34.89130
2023-05-08,35.24180
2023-05-09,35.26090
2023-05-10,35.37570
2023-05-11,35.37440
2023-05-12,35.40610
2023-05-15,35.65120
2023-05-16,35.59700
2023-05-17,35.45450
2023-05-18,35.26470
2023-05-19,35.39590
2023-05-22,35.61820
2023-05-23,35.60980
2023-05-24,35.53970
2023-05-25,35.64020
2023-05-26,36.01840
2023-05-29,36.22340
2023-05-30,36.25270
2023-05-31,36.15800
2023-06-01,36.12300
2023-06-02,36.29600
2023-06-05,36.42260
2023-06-06,36.43120
2023-06-07,36.64380
2023-06-08,36.44380
2023-06-09,36.31780
2023-06-12,36.40230
2023-06-13,36.72770
2023-06-14,36.79380
2023-06-15,36.68610
2023-06-16,37.01030
2023-06-19,36.88520
2023-06-20,36.98180
2023-06-21,37.04620
2023-06-22,36.84150
2023-06-23,36.64150
2023-06-26,36.75280
2023-06-27,36.99260
2023-06-28,37.27450
2023-06-30,37.70330
2023-07-03,37.92840
2023-07-04,37.94640
2023-07-05,38.07690
2023-07-06,38.26790
2023-07-07,37.88980
2023-07-10,37.89690
2023-07-11,38.13330
2023-07-12,38.06280
2023-07-13,38.09270
2023-07-14,38.34750
2023-07-17,38.58230
2023-07-18,38.61640
2023-07-19,38.76670
2023-07-20,38.97210
2023-07-21,38.56950
2023-07-24,38.45120
2023-07-25,38.41970
2023-07-26,38.64470
2023-07-27,38.53240
2023-07-28,38.60340
2023-07-31,38.81820
2023-08-01,38.76660
2023-08-02,38.38900
2023-08-03,38.14410
2023-08-04,38.43740
2023-08-07,38.59700
2023-08-08,38.62360
2023-08-09,38.78320
2023-08-10,38.65270
2023-08-11,38.42160
2023-08-14,38.39200
2023-08-16,38.51870
2023-08-17,38.34950
2023-08-18,38.22310
2023-08-21,38.44730
2023-08-22,38.51980
2023-08-23,38.61990
2023-08-24,38.67350
2023-08-25,38.40090
2023-08-28,38.52540
2023-08-29,38.60450
2023-08-30,38.68220
2023-08-31,38.59200
2023-09-01,38.94830
2023-09-04,39.10800
2023-09-05,39.23330
2023-09-06,39.25270
2023-09-07,39.48280
2023-09-08,39.71060
2023-09-11,40.00720
2023-09-12,39.80030
2023-09-13,39.96880
2023-09-14,40.09110
2023-09-15,40.25700
2023-09-18,40.16290
2023-09-20,39.72940
2023-09-21,39.34620
2023-09-22,39.26260
2023-09-25,39.29680
2023-09-26,39.23460
2023-09-27,39.41290
2023-09-29,39.32510
2023-10-03,39.11390
2023-10-04,38.75480
2023-10-05,38.88510
2023-10-06,39.09950
2023-10-09,38.81960
2023-10-10,39.24120
2023-10-11,39.45230
2023-10-12,39.43600
2023-10-13,39.34300
2023-10-16,39.32990
2023-10-17,39.45010
2023-10-18,39.16250
2023-10-19,39.08530
2023-10-20,38.87930
2023-10-23,38.32740
2023-10-25,38.00270
2023-10-26,37.57650
2023-10-27,38.08780
2023-10-30,38.29370
2023-10-31,38.15850
2023-11-01,38.06250
2023-11-02,38.42490
2023-11-03,38.76230
2023-11-06,39.07490
2023-11-07,39.19610
2023-11-08,39.33240
2023-11-09,39.20790
2023-11-10,39.33710
2023-11-13,39.39410
2023-11-15,39.96140
2023-11-16,40.19680
2023-11-17,40.20820
2023-11-20,40.15300
2023-11-21,40.26660
2023-11-22,40.26970
2023-11-23,40.28870
2023-11-24,40.34570
2023-11-28,40.44260
2023-11-29,40.77030
2023-11-30,40.96930
2023-12-01,41.24950
2023-12-04,41.97830
2023-12-05,42.08780
2023-12-06,42.21150
2023-12-07,42.14160
2023-12-08,42.18700
2023-12-11,42.36070
2023-12-12,42.08450
2023-12-13,42.18740
2023-12-14,42.78300
2023-12-15,43.10420
2023-12-18,43.02920
2023-12-19,43.05940
2023-12-20,42.44750
2023-12-21,42.74630
2023-12-22,42.97570
2023-12-26,43.16650
2023-12-27,39.50780
2023-12-28,39.68960
2023-12-29,39.57410
2024-01-01,39.56520
2024-01-02,39.43180
2024-01-03,39.36030
2024-01-04,39.77930
2024-01-05,39.89100
2024-01-08,39.66630
2024-01-09,39.80910
2024-01-10,39.88940
2024-01-11,40.01840
2024-01-12,40.43580
2024-01-15,40.77030
2024-01-16,40.64840
2024-01-17,39.92810
2024-01-18,39.85320
2024-01-19,40.24670
2024-01-23,39.44250
2024-01-24,39.77500
2024-01-25,39.61060
2024-01-29,40.41890
2024-01-30,40.08420
2024-01-31,40.42010
2024-02-01,40.18910
2024-02-02,40.50620
2024-02-05,40.52900
2024-02-06,40.83960
2024-02-07,41.00920
2024-02-08,40.79330
2024-02-09,40.81130
2024-02-12,40.43040
2024-02-13,40.67400
2024-02-14,40.86370
2024-02-15,41.15490
2024-02-16,41.45630
2024-02-19,41.59800
2024-02-20,41.81780
2024-02-21,41.61240
2024-02-22,41.89170
2024-02-23,42.00030
2024-02-26,41.83120
2024-02-27,41.89420
2024-02-28,41.37760
2024-02-29,41.56140
2024-03-01,42.19250
2024-03-04,42.38950
2024-03-05,42.32230
2024-03-06,42.34100
2024-03-07,42.41990
2024-03-11,42.08760
2024-03-12,41.90380
2024-03-13,40.91070
2024-03-14,41.27790
2024-03-15,40.99920
2024-03-18,41.05900
2024-03-19,40.63820
2024-03-20,40.73350
2024-03-21,41.18000
2024-03-22,41.38070
2024-03-26,41.47750
2024-03-27,41.69640
2024-03-28,41.99810
2024-03-31,41.99430
2024-04-01,42.45240
2024-04-02,42.51330
2024-04-03,42.51550
2024-04-04,42.66200
2024-04-05,42.68590
2024-04-08,43.01410
2024-04-09,42.94730
2024-04-10,43.16080
2024-04-12,42.71200
2024-04-15,42.26900
2024-04-16,42.15250
2024-04-18,41.85830
2024-04-19,42.03940
2024-04-22,42.41540
2024-04-23,42.51990
2024-04-24,42.64600
2024-04-25,43.06130
2024-04-26,43.01870
2024-04-29,43.34130
2024-04-30,43.34470
2024-05-02,43.61210
2024-05-03,43.25900
2024-05-06,43.13090
2024-05-07,42.47380
2024-05-08,42.55680
2024-05-09,41.69020
2024-05-10,42.08390
2024-05-13,42.18510
2024-05-14,42.39680
2024-05-15,42.35610
2024-05-16,42.79300
2024-05-17,43.06200
2024-05-21,43.15070
2024-05-22,43.21280
2024-05-23,43.68190
2024-05-24,43.72510
2024-05-27,43.78590
2024-05-28,43.53520
2024-05-29,43.16230
2024-05-30,42.72490
2024-05-31,42.80490
2024-06-03,44.42310
2024-06-04,41.24710
2024-06-05,42.64440
2024-06-06,43.15060
2024-06-07,43.90910
2024-06-10,44.07090
2024-06-11,44.19360
2024-06-12,44.40450
2024-06-13,44.75240
2024-06-14,45.09150
2024-06-18,45.35060
2024-06-19,45.15050
2024-06-20,45.19760
2024-06-21,45.02090
2024-06-24,45.15400
2024-06-25,45.50540
2024-06-26,45.64530
2024-06-27,45.80460
2024-06-28,45.81290
2024-07-01,46.05690
2024-07-02,45.98040
2024-07-03,46.35940
2024-07-04,46.49970
2024-07-05,46.62640
2024-07-08,46.69390
2024-07-09,46.92380
2024-07-10,46.85400
2024-07-11,46.83500
2024-07-12,46.94060
2024-07-15,47.23010
2024-07-16,47.17870
2024-07-18,47.29870
2024-07-19,46.54500
2024-07-22,46.71660
2024-07-23,46.55720
2024-07-24,46.66550
2024-07-25,46.60740
2024-07-26,47.38970
2024-07-29,47.74350
2024-07-30,47.79960
2024-07-31,48.02030
2024-08-01,48.07080
2024-08-02,47.56930
2024-08-05,46.14580
2024-08-06,45.88160
2024-08-07,46.77930
2024-08-08,46.34660
2024-08-09,46.88300
2024-08-12,47.02630
2024-08-13,46.65610
2024-08-14,46.62440
2024-08-16,47.45220
2024-08-19,47.69230
2024-08-20,48.00560
2024-08-21,48.02510
2024-08-22,48.24230
2024-08-23,48.17800
2024-08-26,48.55240
2024-08-27,48.70550
2024-08-28,48.77340
2024-08-29,48.83480
2024-08-30,49.17910
2024-09-02,49.03820
2024-09-03,49.08970
2024-09-04,49.08280
2024-09-05,49.06820
2024-09-06,48.49080
2024-09-09,48.43350
2024-09-10,48.64260
2024-09-11,48.36730
2024-09-12,49.25430
2024-09-13,49.18870
2024-09-16,49.41630
2024-09-17,49.49480
2024-09-18,49.44070
2024-09-19,49.36630
2024-09-20,50.23960
2024-09-23,50.61490
2024-09-24,50.67950
2024-09-25,50.57590
2024-09-26,50.74590
2024-09-27,50.69770
2024-09-30,50.05230
2024-10-01,50.01340
2024-10-03,48.90480
2024-10-04,48.55040
2024-10-07,47.90850
2024-10-08,48.71500
2024-10-09,49.01780
2024-10-10,48.86220
2024-10-11,49.00420
2024-10-14,49.35650
2024-10-15,49.40910
2024-10-16,49.17760
2024-10-17,48.62260
2024-10-18,48.82410
2024-10-21,48.64610
2024-10-22,47.88190
2024-10-23,47.83170
2024-10-24,47.72110
2024-10-25,47.24430
2024-10-28,47.56220
2024-10-29,47.97550
2024-10-30,47.60280
2024-10-31,47.35020
2024-11-04,46.98560
2024-11-05,47.29660
2024-11-06,47.94780
2024-11-07,47.45950
2024-11-08,47.18700
2024-11-11,47.25270
2024-11-12,46.73770
2024-11-13,46.06250
2024-11-14,46.07000
2024-11-18,45.90530
2024-11-19,46.19060
2024-11-21,46.03670
2024-11-22,46.98350
2024-11-25,47.62610
2024-11-26,47.64210
2024-11-27,47.85050
2024-11-28,47.38120
2024-11-29,47.70950
2024-12-02,48.13320
2024-12-03,48.41980
2024-12-04,48.58890
2024-12-05,49.07430
2024-12-06,49.33040
2024-12-09,49.30710
2024-12-10,49.40000
2024-12-11,49.45220
2024-12-12,49.21580
2024-12-13,49.47430
2024-12-16,49.45940
2024-12-17,48.89790
2024-12-18,48.51790
2024-12-19,48.07210
2024-12-20,47.12430
2024-12-23,47.52950
2024-12-24,47.44180
2024-12-26,47.48020
2024-12-27,43.22820
2024-12-30,43.02530
2024-12-31,43.02950
2025-01-01,43.19770
2025-01-02,43.98760
2025-01-03,43.61840
2025-01-06,42.85810
2025-01-07,42.99910
2025-01-08,42.69370
2025-01-09,42.30770
2025-01-10,41.93210
2025-01-13,41.01400
2025-01-14,41.19920
2025-01-15,41.36850
2025-01-16,41.60280
2025-01-17,41.48520
2025-01-20,41.63230
2025-01-21,40.75110
2025-01-22,40.79460
2025-01-23,41.09260
2025-01-24,40.73720
2025-01-27,40.01900
2025-01-28,40.20020
2025-01-29,40.75850
2025-01-30,40.79200
2025-01-31,41.25950
2025-02-03,40.99670
2025-02-04,41.66550
2025-02-05,41.66550
2025-02-06,41.36170
2025-02-07,41.28120
2025-02-10,40.83810
2025-02-11,40.11740
2025-02-12,40.06880
2025-02-13,40.07860
2025-02-14,39.70940
2025-02-17,39.76990
2025-02-18,39.82160
2025-02-19,39.95380
2025-02-20,39.91090
2025-02-21,39.64850
2025-02-24,39.22300
2025-02-25,39.12150
2025-02-27,38.77560
2025-02-28,38.01730
2025-03-03,38.16610
2025-03-04,38.06260
2025-03-05,38.50590
2025-03-06,38.77380
2025-03-07,38.63170
2025-03-10,38.36660
2025-03-11,38.52810
2025-03-12,38.38570
2025-03-13,38.27900
2025-03-17,38.52690
2025-03-18,39.23490
2025-03-19,39.47640
2025-03-20,39.76500
2025-03-21,40.09390
2025-03-24,40.55960
2025-03-25,40.55640
2025-03-26,40.29140
2025-03-27,40.44780
2025-03-28,40.29710
2025-03-31,40.29340
2025-04-01,39.76040
2025-04-02,40.18890
2025-04-03,40.15130
2025-04-04,39.62360
2025-04-07,38.39800
2025-04-08,39.00850
2025-04-09,38.72880
2025-04-11,39.29420
2025-04-15,40.17090
2025-04-16,40.39620
2025-04-17,41.12980
2025-04-21,41.59640
2025-04-22,41.71390
2025-04-23,42.03370
2025-04-24,41.88950
2025-04-25,41.36040
2025-04-28,41.78470
2025-04-29,41.72630
2025-04-30,41.64380
2025-05-02,41.61570
2025-05-05,41.90140
2025-05-06,41.65060
2025-05-07,41.74330
2025-05-08,41.35080
2025-05-09,40.92530
2025-05-12,42.42260
2025-05-13,41.92920
2025-05-14,42.08510
2025-05-15,42.69160
2025-05-16,42.64900
2025-05-19,42.59920
2025-05-20,42.07810
2025-05-21,42.29070
2025-05-22,42.00330
2025-05-23,42.33320
2025-05-26,42.46560
2025-05-27,42.25000
2025-05-28,42.18900
2025-05-29,42.32470
2025-05-30,42.17960
2025-06-02,42.16640
2025-06-03,41.90160
2025-06-04,42.00850
2025-06-05,42.24710
2025-06-06,42.70860
2025-06-09,42.86040
2025-06-10,42.84650
2025-06-11,42.90220
2025-06-12,42.49060
2025-06-13,42.26330
2025-06-16,42.66450
2025-06-17,42.50350
2025-06-18,42.52730
2025-06-19,42.40440
2025-06-20,42.88280
2025-06-23,42.70060
2025-06-24,42.91760
2025-06-25,43.29910
2025-06-26,43.70260
2025-06-27,43.87320
2025-06-30,43.74510
2025-07-01,43.73660
2025-07-02,43.67070
2025-07-03,43.64860
2025-07-04,43.66640
2025-07-07,43.61770
2025-07-08,43.71970
2025-07-09,43.70020
2025-07-10,43.48980
2025-07-11,43.20240
2025-07-14,43.26850
2025-07-15,43.50740
2025-07-16,43.51600
2025-07-17,43.34600
2025-07-18,43.03210
2025-07-21,43.34270
2025-07-22,43.39730
2025-07-23,43.63940
2025-07-24,43.38290
2025-07-25,42.97450
2025-07-28,42.83690
2025-07-29,43.05690
2025-07-30,43.06960
2025-07-31,42.97190
2025-08-01,42.61080
2025-08-04,42.92480
2025-08-05,42.81990
2025-08-06,42.64620
2025-08-07,42.79230
2025-08-08,42.33520
2025-08-11,42.80250
2025-08-12,42.69910
2025-08-13,43.00010
2025-08-14,43.04210
2025-08-18,43.30360
2025-08-19,43.54130
2025-08-20,43.70010
2025-08-21,43.83030
2025-08-22,43.55330
2025-08-25,43.69420
2025-08-26,43.21340
2025-08-28,42.78020
2025-08-29,42.62710
2025-09-01,43.05990
2025-09-02,43.03120
2025-09-03,43.24830
2025-09-04,43.14780
2025-09-05,43.13360
2025-09-08,43.24540
2025-09-09,43.32730
2025-09-10,43.44970
2025-09-11,43.56190
2025-09-12,43.63200
2025-09-15,43.62670
2025-09-16,43.90660
2025-09-17,44.08950
2025-09-18,44.33550
2025-09-19,44.26380
2025-09-22,43.96620
2025-09-23,43.82460
2025-09-24,43.58360
2025-09-25,43.28420
2025-09-26,42.82940
2025-09-30,42.83300
2025-10-01,43.15150
2025-10-03,43.22300
2025-10-06,43.66920
2025-10-07,43.72270
2025-10-08,43.62870
2025-10-09,43.89140
2025-10-10,44.04260
2025-10-13,43.97040
2025-10-14,43.86680
2025-10-15,44.09940
2025-10-16,44.38590
2025-10-17,44.51600
2025-10-20,44.70970
2025-10-23,44.72800
2025-10-24,44.53170
2025-10-27,44.85150
2025-10-28,44.73250
2025-10-29,45.07180
2025-10-30,44.81700
2025-10-31,44.47620
2025-11-03,44.68650
2025-11-04,44.47140
2025-11-06,44.15300
2025-11-07,44.07870
2025-11-10,44.18510
2025-11-11,44.44150
2025-11-12,44.59170
2025-11-13,44.54660
2025-11-14,44.57290
2025-11-17,44.83530
2025-11-18,44.69220
2025-11-19,44.93140
2025-11-20,45.04260
2025-11-21,44.77140
2025-11-24,44.69000
2025-11-25,44.66760
2025-11-26,45.22780
2025-11-27,45.25700
2025-11-28,45.21510
2025-12-01,45.23750
2025-12-02,45.04850
2025-12-03,44.92330
2025-12-04,44.98630
2025-12-05,45.22150
2025-12-08,44.80480
2025-12-09,44.80250
2025-12-10,44.57210
2025-12-11,44.88570
2025-12-12,45.17160
2025-12-15,45.15040
2025-12-16,44.83800
2025-12-17,44.78280
2025-12-18,44.84830
2025-12-19,45.19000
2025-12-22,45.60490
2025-12-23,45.61080
2025-12-24,45.53920
2025-12-26,45.36640
2025-12-29,40.94160
2025-12-30,40.94080
2025-12-31,41.23660
2026-01-01,41.46580
2026-01-02,41.71780
2026-01-05,41.57520
2026-01-06,41.61570
2026-01-07,41.74880
2026-01-08,41.38300
2026-01-09,41.02950
2026-01-12,41.07110
2026-01-13,41.11470
2026-01-14,41.03180
2026-01-16,41.14750
2026-01-19,41.02460
2026-01-20,40.41500
2026-01-21,40.27370
2026-01-22,40.41370
2026-01-23,40.01390
2026-01-27,40.16760
2026-01-28,40.53120
2026-01-29,40.72310
2026-01-30,40.64900
2026-02-02,40.21110
2026-02-03,41.21630
2026-02-04,41.24330
2026-02-05,41.02140
2026-02-06,41.05590
2026-02-09,41.54410
2026-02-10,41.73880
2026-02-11,41.87320
2026-02-12,41.73890
2026-02-13,41.23910
2026-02-16,41.53030
2026-02-17,41.58160
2026-02-18,41.70600
2026-02-19,41.11210
2026-02-20,41.21460
2026-02-23,41.48190
2026-02-24,41.04880
2026-02-25,41.22870
2026-02-26,41.37360
2026-02-27,40.95520
2026-03-02,40.42390
2026-03-04,39.77870
2026-03-05,40.24030
2026-03-06,39.69830
2026-03-09,38.92720
2026-03-10,39.41020
2026-03-11,38.68460
2026-03-12,38.21440
2026-03-13,37.35000
2026-03-16,37.67680
2026-03-17,38.06260
2026-03-18,38.51560
2026-03-19,37.14180
2026-03-20,37.33700
2026-03-23,36.29130
2026-03-24,37.06090
2026-03-25,37.80010
2026-03-27,36.96250
2026-03-30,36.10040
2026-03-31,36.09920
2026-04-01,36.65650
2026-04-02,36.65740
2026-04-06,37.09240
2026-04-07,37.34050
2026-04-08,38.91300
2026-04-09,38.51320
2026-04-10,39.06070
2026-04-13,38.74340
2026-04-15,39.30770
2026-04-16,39.33050
2026-04-17,39.60470
2026-04-20,39.63570
2026-04-21,39.99780
2026-04-22,39.66480
2026-04-23,39.19950
2026-04-24,38.83320
2026-04-27,39.05020
2026-04-28,38.78370
2026-04-29,38.94920
2026-04-30,38.53950
2026-05-04,38.76460
2026-05-05,38.67110
2026-05-06,39.22540
2026-05-07,39.34120
2026-05-08,39.06790
2026-05-11,38.36890
2026-05-12,37.65200
2026-05-13,37.69250
2026-05-14,38.09730
2026-05-15,38.00170
2026-05-18,37.87390
2026-05-19,37.90060
2026-05-20,37.98280
2026-05-21,37.98200
2026-05-22,38.16920
2026-05-25,38.64550
2026-05-26,38.48450
2026-05-27,38.56240
2026-05-29,38.05740
2026-06-01,37.71610
2026-06-02,37.82160
2026-06-03,37.80470
2026-06-04,37.85370
2026-06-05,37.79740
2026-06-08,37.38730
2026-06-09,37.69820
2026-06-10,37.52920
2026-06-11,37.40420
2026-06-12,38.24910
2026-06-15,38.81760
2026-06-16,38.99130
2026-06-17,39.22970
2026-06-18,39.41800
2026-06-19,39.32330
2026-06-22,39.42810
2026-06-23,39.05490
2026-06-24,39.37430
2026-06-25,39.52650
2026-06-29,39.33410
2026-06-30,39.35610
2026-07-01,39.62470
2026-07-02,39.82220
2026-07-03,39.98070
2026-07-06,40.22810
2026-07-07,40.13010
2026-07-08,39.21300
2026-07-09,39.55670
2026-07-10,39.86570
2026-07-13,39.73700
2026-07-14,39.47360
2026-07-15,39.66860
2026-07-16,39.54680
2026-07-17,39.77010
2026-07-20,39.59890
2026-07-21,39.68350
2026-07-22,39.38940
2026-07-23,39.14120
2026-07-24,38.95630
2026-07-27,39.43600
2026-07-28,39.50120
2026-07-29,39.86000
2026-07-30,40.02320
2026-07-31,40.21570
2026-08-03,40.90840
2026-08-04,40.76880
2026-08-05,40.90270
2026-08-06,41.03410
2026-08-07,40.89440
2026-08-10,40.91210
2026-08-11,40.67410
2026-08-12,40.73290
2026-08-13,40.75920
2026-08-14,40.68200
2026-08-17,40.58920
2026-08-18,40.35770
2026-08-19,40.23990
2026-08-20,40.53340
2026-08-21,40.52120
2026-08-24,40.51750
2026-08-25,40.77750
2026-08-26,40.62130
2026-08-27,40.46780
2026-08-28,40.51390
2026-08-31,40.56800
2026-09-01,40.16110
2026-09-02,39.94910
2026-09-03,39.90340
2026-09-04,39.92260
2026-09-07,39.87450
