Date,NAV
2013-01-02,12.45670
2013-01-03,12.49050
2013-01-04,12.53110
2013-01-07,12.57100
2013-01-08,12.57450
2013-01-09,12.58630
2013-01-10,12.60560
2013-01-11,12.62200
2013-01-14,12.69910
2013-01-15,12.67250
2013-01-16,12.61690
2013-01-17,12.64930
2013-01-18,12.63910
2013-01-21,12.63750
2013-01-22,12.64240
2013-01-23,12.62390
2013-01-24,12.60860
2013-01-28,12.63430
2013-01-29,12.61790
2013-01-30,12.58670
2013-01-31,12.56880
2013-02-01,12.57850
2013-02-04,12.56310
2013-02-05,12.57310
2013-02-06,12.58910
2013-02-07,12.61350
2013-02-08,12.63960
2013-02-11,12.63640
2013-02-12,12.62630
2013-02-13,12.65370
2013-02-14,12.75650
2013-02-15,12.75010
2013-02-18,12.76130
2013-02-20,12.78380
2013-02-21,12.77710
2013-02-22,12.78870
2013-02-25,12.79490
2013-02-26,12.78110
2013-02-27,12.79180
2013-02-28,12.72840
2013-03-01,12.71150
2013-03-04,12.73460
2013-03-05,12.74610
2013-03-06,12.75930
2013-03-07,12.76160
2013-03-08,12.77820
2013-03-11,12.78310
2013-03-12,12.74720
2013-03-13,12.73880
2013-03-14,12.75570
2013-03-15,12.75590
2013-03-18,12.74620
2013-03-19,12.73480
2013-03-20,12.71590
2013-03-21,12.71170
2013-03-22,12.69140
2013-03-25,12.70060
2013-03-26,12.68680
2013-03-28,12.69880
2013-04-02,12.69820
2013-04-03,12.71560
2013-04-04,12.71800
2013-04-05,12.73970
2013-04-08,12.77290
2013-04-09,12.79320
2013-04-10,12.78650
2013-04-12,12.79170
2013-04-15,12.82480
2013-04-16,12.83550
2013-04-17,12.85420
2013-04-18,12.86860
2013-04-22,1289.08360
2013-04-23,1290.95360
2013-04-25,1287.94430
2013-04-26,1289.97300
2013-04-29,1289.85090
2013-04-30,1292.43470
2013-05-02,1293.80110
2013-05-03,1292.93340
2013-05-06,1292.84050
2013-05-07,1293.93740
2013-05-08,1298.74430
2013-05-09,1307.21650
2013-05-10,1307.86830
2013-05-13,1309.30240
2013-05-14,1319.06490
2013-05-15,1322.23080
2013-05-16,1328.20890
2013-05-17,1327.56710
2013-05-20,1333.78200
2013-05-21,1334.22950
2013-05-22,1332.87180
2013-05-23,1332.83440
2013-05-24,1335.95610
2013-05-27,1337.75300
2013-05-28,1337.30190
2013-05-29,1334.19980
2013-05-30,1330.91520
2013-05-31,1329.26680
2013-06-03,1329.28270
2013-06-04,1334.51140
2013-06-05,1332.66530
2013-06-06,1333.04920
2013-06-07,1331.01500
2013-06-10,1326.05590
2013-06-11,1323.00730
2013-06-12,1323.73790
2013-06-13,1321.35730
2013-06-14,1322.89020
2013-06-17,1328.89140
2013-06-18,1326.63830
2013-06-19,1327.35850
2013-06-20,1313.20820
2013-06-21,1314.95310
2013-06-24,1308.14360
2013-06-25,1308.35610
2013-06-26,1301.16440
2013-06-27,1303.66080
2013-06-28,1311.05710
2013-07-02,1309.19680
2013-07-03,1304.37780
2013-07-04,1310.07590
2013-07-05,1305.78100
2013-07-08,1301.50850
2013-07-09,1303.63580
2013-07-10,1305.89030
2013-07-11,1312.80610
2013-07-12,1307.49540
2013-07-15,1306.08200
2013-07-16,1289.09190
2013-07-17,1290.66550
2013-07-18,1297.48930
2013-07-19,1299.88310
2013-07-22,1284.96570
2013-07-23,1279.16100
2013-07-24,1272.35950
2013-07-25,1275.02510
2013-07-26,1276.72150
2013-07-29,1277.92580
2013-07-30,1273.54910
2013-07-31,1274.88010
2013-08-01,1277.10630
2013-08-02,1270.79760
2013-08-05,1274.91120
2013-08-06,1274.31220
2013-08-07,1275.30970
2013-08-08,1277.41630
2013-08-12,1271.41550
2013-08-13,1266.45180
2013-08-14,1260.82480
2013-08-16,1238.75460
2013-08-19,1215.14060
2013-08-20,1232.30970
2013-08-21,1266.17090
2013-08-22,1271.54980
2013-08-23,1269.35670
2013-08-26,1265.86330
2013-08-27,1245.46930
2013-08-28,1233.82120
2013-08-29,1242.91560
2013-08-30,1247.85150
2013-09-02,1254.60010
2013-09-03,1251.43960
2013-09-04,1255.21640
2013-09-05,1254.15240
2013-09-06,1239.37950
2013-09-10,1250.58200
2013-09-11,1251.58110
2013-09-12,1249.18180
2013-09-13,1248.73550
2013-09-16,1253.09880
2013-09-17,1250.83800
2013-09-18,1253.63910
2013-09-19,1269.78430
2013-09-20,1255.01800
2013-09-23,1244.42240
2013-09-24,1244.27860
2013-09-25,1244.37220
2013-09-26,1249.87380
2013-09-27,1249.90060
2013-09-30,1247.98780
2013-10-01,1254.88150
2013-10-03,1261.58580
2013-10-04,1263.53380
2013-10-07,1260.58970
2013-10-08,1272.79920
2013-10-09,1274.45450
2013-10-10,1277.30060
2013-10-11,1274.11770
2013-10-14,1269.32310
2013-10-15,1263.70580
2013-10-17,1269.47950
2013-10-18,1272.12540
2013-10-21,1270.48340
2013-10-22,1270.61450
2013-10-23,1270.33990
2013-10-24,1272.86070
2013-10-25,1273.34760
2013-10-28,1270.42330
2013-10-29,1276.41760
2013-10-30,1275.92030
2013-10-31,1275.26790
2013-11-01,1274.14310
2013-11-05,1274.20860
2013-11-06,1272.32540
2013-11-07,1272.54670
2013-11-08,1262.15600
2013-11-11,1265.98730
2013-11-12,1258.12900
2013-11-13,1269.78690
2013-11-14,1262.23650
2013-11-18,1267.98000
2013-11-19,1264.61960
2013-11-20,1263.50420
2013-11-21,1261.62150
2013-11-22,1259.52530
2013-11-25,1259.00140
2013-11-26,1261.44050
2013-11-27,1266.61500
2013-11-28,1264.99990
2013-11-29,1263.30450
2013-12-02,1264.35350
2013-12-03,1262.84530
2013-12-04,1261.04290
2013-12-05,1259.87140
2013-12-06,1254.76620
2013-12-09,1249.28730
2013-12-10,1253.87830
2013-12-11,1254.28660
2013-12-12,1253.59510
2013-12-13,1247.98110
2013-12-16,1250.62050
2013-12-17,1247.56980
2013-12-18,1257.97470
2013-12-19,1265.97460
2013-12-20,1261.95560
2013-12-23,1258.80550
2013-12-24,1255.71490
2013-12-26,1255.08510
2013-12-27,1251.72830
2013-12-30,1259.74830
2013-12-31,1261.89370
2014-01-01,1260.29280
2014-01-02,1261.36010
2014-01-03,1262.22580
2014-01-06,1266.68200
2014-01-07,1268.11630
2014-01-08,1268.28440
2014-01-09,1269.87720
2014-01-10,1272.50170
2014-01-13,1277.13620
2014-01-15,1283.50840
2014-01-16,1286.04670
2014-01-17,1285.01730
2014-01-20,1295.34240
2014-01-21,1296.94620
2014-01-22,1294.42070
2014-01-23,1291.56150
2014-01-24,1286.97880
2014-01-27,1285.22270
2014-01-28,1286.53120
2014-01-29,1284.25110
2014-01-30,1280.25710
2014-01-31,1285.78770
2014-02-03,1289.44620
2014-02-04,1294.03660
2014-02-05,1295.47680
2014-02-06,1295.31250
2014-02-07,1294.92890
2014-02-10,1298.05310
2014-02-11,1295.06450
2014-02-12,1288.51120
2014-02-13,1287.75460
2014-02-14,1293.32200
2014-02-17,1294.60940
2014-02-18,1299.14860
2014-02-20,1298.74420
2014-02-21,1298.41830
2014-02-24,1292.16020
2014-02-25,1293.93760
2014-02-26,1295.15130
2014-02-28,1300.66720
2014-03-03,1299.06370
2014-03-04,1300.03840
2014-03-05,1300.17630
2014-03-06,1301.50050
2014-03-07,1301.45530
2014-03-10,1306.40140
2014-03-11,1308.63430
2014-03-12,1310.10960
2014-03-13,1310.15740
2014-03-14,1308.58990
2014-03-18,1309.37550
2014-03-19,1310.46150
2014-03-20,1309.58910
2014-03-21,1311.30680
2014-03-24,1312.94120
2014-03-25,1313.08400
2014-03-26,1313.65260
2014-03-27,1311.66960
2014-03-28,1313.11270
2014-04-02,1301.72150
2014-04-03,1298.35620
2014-04-04,1294.28690
2014-04-07,1295.16400
2014-04-09,1299.56140
2014-04-10,1302.45120
2014-04-11,1308.34150
2014-04-15,1308.93120
2014-04-16,1310.02400
2014-04-17,1319.25150
2014-04-21,1321.83040
2014-04-22,1323.23610
2014-04-23,1323.12320
2014-04-25,1321.30550
2014-04-28,1323.40920
2014-04-29,1326.22250
2014-04-30,1325.94560
2014-05-02,1327.43420
2014-05-05,1332.12240
2014-05-06,1330.12330
2014-05-07,1328.22270
2014-05-08,1330.76770
2014-05-09,1333.21010
2014-05-12,1334.58950
2014-05-13,1331.02310
2014-05-15,1332.42850
2014-05-16,1333.05110
2014-05-19,1334.12910
2014-05-20,1336.08210
2014-05-21,1340.53300
2014-05-22,1345.04610
2014-05-23,1350.79490
2014-05-26,1348.68610
2014-05-27,1349.64800
2014-05-28,1349.11040
2014-05-29,1351.20060
2014-05-30,1354.27890
2014-06-02,1355.26410
2014-06-03,1360.19730
2014-06-04,1362.00040
2014-06-05,1369.14640
2014-06-06,1375.77710
2014-06-09,1371.31270
2014-06-10,1371.02130
2014-06-11,1373.21430
2014-06-12,1372.38020
2014-06-13,1368.16040
2014-06-16,1365.40400
2014-06-17,1368.51170
2014-06-18,1363.26220
2014-06-19,1361.94080
2014-06-20,1358.15380
2014-06-23,1356.89780
2014-06-24,1359.57490
2014-06-25,1361.25180
2014-06-26,1358.55500
2014-06-27,1358.25980
2014-06-30,1359.16770
2014-07-02,1362.97210
2014-07-03,1363.72590
2014-07-04,1363.70860
2014-07-07,1364.18930
2014-07-08,1364.52200
2014-07-09,1364.91010
2014-07-10,1366.95920
2014-07-11,1368.12780
2014-07-14,1368.23690
2014-07-15,1371.87960
2014-07-16,1372.93190
2014-07-17,1372.61750
2014-07-18,1371.26230
2014-07-21,1375.59440
2014-07-22,1376.83300
2014-07-23,1378.50100
2014-07-24,1379.90240
2014-07-25,1377.00710
2014-07-28,1375.41870
2014-07-30,1372.39230
2014-07-31,1373.96570
2014-08-01,1372.62520
2014-08-04,1374.23960
2014-08-05,1362.44380
2014-08-06,1357.87080
2014-08-07,1360.34550
2014-08-08,1360.20050
2014-08-11,1363.12940
2014-08-12,1360.38590
2014-08-13,1364.59250
2014-08-14,1365.65780
2014-08-19,1365.94330
2014-08-20,1373.05990
2014-08-21,1370.56800
2014-08-22,1371.34930
2014-08-25,1368.78430
2014-08-26,1369.25640
2014-08-27,1370.06840
2014-08-28,1369.79390
2014-09-01,1371.28650
2014-09-02,1373.39210
2014-09-03,1373.81140
2014-09-04,1374.13060
2014-09-05,1374.43700
2014-09-08,1376.34280
2014-09-09,1374.99840
2014-09-10,1373.66190
2014-09-11,1377.20890
2014-09-12,1377.74190
2014-09-15,1378.19230
2014-09-16,1379.62940
2014-09-17,1380.07310
2014-09-18,1385.71120
2014-09-19,1384.70780
2014-09-22,1386.65810
2014-09-23,1384.86230
2014-09-24,1384.54350
2014-09-25,1384.99750
2014-09-26,1386.98280
2014-09-29,1387.16180
2014-09-30,1386.88990
2014-10-01,1388.95540
2014-10-07,1392.74720
2014-10-08,1394.65010
2014-10-09,1394.65450
2014-10-10,1395.43730
2014-10-13,1398.21620
2014-10-14,1399.73440
2014-10-16,1402.83870
2014-10-17,1401.69640
2014-10-20,1404.78390
2014-10-21,1404.56270
2014-10-22,1406.36310
2014-10-27,1411.95390
2014-10-28,1412.63560
2014-10-29,1413.74420
2014-10-30,1417.80260
2014-10-31,1421.15400
2014-11-03,1424.15740
2014-11-05,1433.80070
2014-11-07,1432.15960
2014-11-10,1435.94320
2014-11-11,1434.79460
2014-11-12,1437.13460
2014-11-13,1431.70100
2014-11-14,1430.45800
2014-11-17,1434.96110
2014-11-18,1437.92030
2014-11-19,1437.52060
2014-11-20,1437.43150
2014-11-21,1437.82270
2014-11-24,1439.38000
2014-11-25,1440.28340
2014-11-26,1441.65960
2014-11-27,1442.19430
2014-11-28,1450.18690
2014-12-01,1455.88660
2014-12-02,1467.95740
2014-12-03,1470.29920
2014-12-04,1470.34420
2014-12-05,1476.21560
2014-12-08,1478.81270
2014-12-09,1485.17460
2014-12-10,1485.28340
2014-12-11,1492.55640
2014-12-12,1501.02140
2014-12-15,1498.00670
2014-12-16,1477.18220
2014-12-17,1482.17290
2014-12-18,1482.41620
2014-12-19,1480.10520
2014-12-22,1480.35990
2014-12-23,1482.49760
2014-12-24,1481.24100
2014-12-26,1477.93160
2014-12-29,1482.13810
2014-12-30,1487.77370
2014-12-31,1490.24240
2015-01-01,1488.48930
2015-01-02,1483.40580
2015-01-05,1481.46890
2015-01-06,1479.94160
2015-01-07,1486.48740
2015-01-08,1487.91060
2015-01-09,1488.21360
2015-01-12,1492.81750
2015-01-13,1497.91370
2015-01-14,1498.07450
2015-01-15,1511.50330
2015-01-16,1515.81590
2015-01-19,1515.70090
2015-01-20,1517.71030
2015-01-21,1523.88040
2015-01-22,1526.28270
2015-01-23,1525.56560
2015-01-27,1527.01500
2015-01-28,1527.66550
2015-01-29,1528.45870
2015-01-30,1532.09230
2015-02-02,1542.48210
2015-02-03,1537.75670
2015-02-04,1534.61530
2015-02-05,1536.55560
2015-02-06,1537.23700
2015-02-09,1536.61070
2015-02-10,1537.22390
2015-02-11,1535.32940
2015-02-12,1532.98390
2015-02-13,1538.95840
2015-02-16,1538.00030
2015-02-18,1538.44930
2015-02-20,1540.14940
2015-02-23,1540.79480
2015-02-24,1539.35570
2015-02-25,1540.11430
2015-02-26,1537.90850
2015-02-27,1540.49730
2015-03-02,1539.04750
2015-03-03,1536.59870
2015-03-04,1544.04920
2015-03-05,1538.35690
2015-03-09,1534.48490
2015-03-10,1531.87570
2015-03-11,1531.45800
2015-03-12,1533.81180
2015-03-13,1527.14420
2015-03-16,1527.13090
2015-03-17,1529.92820
2015-03-18,1527.98400
2015-03-19,1531.18150
2015-03-20,1532.08540
2015-03-23,1531.84500
2015-03-24,1531.14170
2015-03-25,1528.80740
2015-03-26,1524.87500
2015-03-27,1525.77540
2015-03-30,1529.83790
2015-03-31,1534.57850
2015-04-06,1538.64810
2015-04-07,1530.73180
2015-04-08,1530.12830
2015-04-09,1530.81370
2015-04-10,1529.32650
2015-04-13,1529.26020
2015-04-15,1530.46970
2015-04-16,1529.53010
2015-04-17,1530.12060
2015-04-20,1530.82700
2015-04-21,1532.48530
2015-04-22,1535.10060
2015-04-23,1534.57880
2015-04-24,1531.42760
2015-04-27,1532.41280
2015-04-28,1533.71150
2015-04-29,1530.29190
2015-04-30,1526.34730
2015-05-05,1528.84060
2015-05-06,1524.34420
2015-05-07,1513.65010
2015-05-08,1510.78140
2015-05-11,1518.15850
2015-05-12,1512.92080
2015-05-13,1513.31600
2015-05-14,1514.17490
2015-05-15,1510.25270
2015-05-18,1514.76060
2015-05-19,1521.47810
2015-05-20,1523.73360
2015-05-21,1522.54120
2015-05-22,1523.65280
2015-05-25,1524.29780
2015-05-26,1521.77600
2015-05-27,1522.99740
2015-05-28,1525.19220
2015-05-29,1527.72810
2015-06-01,1527.58490
2015-06-02,1516.56630
2015-06-03,1512.28170
2015-06-04,1504.44210
2015-06-05,1504.80170
2015-06-08,1503.65860
2015-06-09,1506.35130
2015-06-10,1501.86270
2015-06-11,1495.96270
2015-06-12,1493.43220
2015-06-15,1495.85560
2015-06-16,1493.94580
2015-06-17,1499.41390
2015-06-18,1510.43240
2015-06-19,1519.24280
2015-06-22,1517.96500
2015-06-23,1516.38960
2015-06-24,1512.55660
2015-06-25,1508.00080
2015-06-26,1507.99410
2015-06-29,1504.43940
2015-06-30,1509.10660
2015-07-01,1512.23190
2015-07-02,1514.71390
2015-07-03,1516.92200
2015-07-06,1525.34690
2015-07-07,1524.75310
2015-07-08,1525.78800
2015-07-09,1525.08370
2015-07-10,1523.82340
2015-07-13,1516.04950
2015-07-14,1518.23020
2015-07-15,1518.04680
2015-07-16,1517.46770
2015-07-17,1518.27300
2015-07-20,1519.79730
2015-07-21,1518.89070
2015-07-22,1519.44900
2015-07-23,1521.74520
2015-07-24,1521.06580
2015-07-27,1522.66410
2015-07-28,1529.50540
2015-07-29,1530.18500
2015-07-30,1528.85970
2015-07-31,1531.02330
2015-08-03,1532.70950
2015-08-04,1530.36300
2015-08-05,1529.99220
2015-08-06,1532.78450
2015-08-07,1532.57330
2015-08-10,1535.51180
2015-08-11,1535.12430
2015-08-12,1535.30570
2015-08-13,1540.86270
2015-08-14,1543.62830
2015-08-17,1544.37460
2015-08-19,1545.73490
2015-08-20,1545.63530
2015-08-21,1541.90810
2015-08-24,1532.03390
2015-08-25,1537.47800
2015-08-26,1541.92130
2015-08-27,1545.24360
2015-08-28,1543.76900
2015-08-31,1543.79450
2015-09-01,1547.74640
2015-09-02,1549.07060
2015-09-03,1549.39130
2015-09-04,1546.54050
2015-09-07,1544.69560
2015-09-08,1547.47870
2015-09-09,1548.73060
2015-09-10,1546.71340
2015-09-11,1547.75210
2015-09-14,1550.30460
2015-09-15,1550.71450
2015-09-16,1552.82880
2015-09-18,1560.95180
2015-09-21,1561.15530
2015-09-22,1558.70200
2015-09-23,1559.25180
2015-09-24,1559.29640
2015-09-28,1558.73690
2015-09-29,1571.50560
2015-09-30,1580.87790
2015-10-01,1579.20880
2015-10-05,1585.73210
2015-10-06,1584.12240
2015-10-07,1582.90620
2015-10-08,1584.70630
2015-10-09,1585.38770
2015-10-12,1581.39050
2015-10-13,1582.47760
2015-10-14,1583.16220
2015-10-15,1584.60840
2015-10-16,1584.57860
2015-10-19,1584.29190
2015-10-20,1584.69920
2015-10-21,1585.36460
2015-10-23,1584.76940
2015-10-26,1583.28560
2015-10-27,1583.47450
2015-10-28,1584.38920
2015-10-29,1581.51880
2015-10-30,1580.30960
2015-11-02,1582.82580
2015-11-03,1582.19430
2015-11-04,1580.75470
2015-11-05,1577.66900
2015-11-06,1577.17640
2015-11-09,1571.99090
2015-11-10,1575.30170
2015-11-13,1579.74320
2015-11-16,1579.06570
2015-11-17,1577.92300
2015-11-18,1576.71340
2015-11-19,1577.21410
2015-11-20,1573.57410
2015-11-23,1572.57840
2015-11-24,1574.40520
2015-11-26,1573.12560
2015-11-27,1568.17890
2015-11-30,1567.09580
2015-12-01,1572.67550
2015-12-02,1569.76250
2015-12-03,1574.28370
2015-12-04,1567.84150
2015-12-07,1568.57740
2015-12-08,1565.48480
2015-12-09,1565.90480
2015-12-10,1565.73500
2015-12-11,1569.21790
2015-12-14,1562.33820
2015-12-15,1564.94530
2015-12-16,1570.84520
2015-12-17,1572.27330
2015-12-18,1566.82980
2015-12-21,1562.93620
2015-12-22,1564.75880
2015-12-23,1567.10700
2015-12-28,1567.40680
2015-12-29,1566.57250
2015-12-30,1567.21390
2015-12-31,1566.24030
2016-01-01,1568.54560
2016-01-04,1569.34310
2016-01-05,1569.09510
2016-01-06,1569.74070
2016-01-07,1570.60550
2016-01-08,1570.87210
2016-01-11,1569.94650
2016-01-12,1569.49560
2016-01-13,1567.98650
2016-01-14,1564.76140
2016-01-15,1560.17020
2016-01-18,1560.24410
2016-01-19,1563.85650
2016-01-20,1567.15980
2016-01-21,1571.23620
2016-01-22,1568.19870
2016-01-25,1565.44000
2016-01-27,1566.70130
2016-01-28,1564.49210
2016-01-29,1565.32910
2016-02-01,1564.75260
2016-02-02,1559.97250
2016-02-03,1559.75880
2016-02-04,1561.98200
2016-02-05,1564.18720
2016-02-08,1563.97760
2016-02-09,1564.06920
2016-02-10,1564.59350
2016-02-11,1565.14980
2016-02-12,1564.57910
2016-02-15,1562.65460
2016-02-16,1559.01740
2016-02-17,1556.68880
2016-02-18,1559.52440
2016-02-22,1556.45080
2016-02-23,1549.83830
2016-02-24,1548.95570
2016-02-25,1543.13920
2016-02-26,1550.52810
2016-02-29,1572.31270
2016-03-01,1574.35130
2016-03-02,1572.78320
2016-03-03,1570.29690
2016-03-04,1575.59200
2016-03-08,1576.72110
2016-03-09,1576.95340
2016-03-10,1578.09460
2016-03-11,1578.96890
2016-03-14,1583.64240
2016-03-15,1585.82420
2016-03-16,1588.04460
2016-03-17,1594.91140
2016-03-18,1594.09200
2016-03-21,1598.17070
2016-03-22,1597.76010
2016-03-23,1597.41100
2016-03-28,1600.85250
2016-03-29,1597.93410
2016-03-30,1599.77820
2016-03-31,1604.12170
2016-04-04,1611.19940
2016-04-05,1607.64460
2016-04-06,1608.71650
2016-04-07,1611.39540
2016-04-11,1615.86940
2016-04-12,1619.35590
2016-04-13,1614.70420
2016-04-18,1617.68290
2016-04-20,1617.45160
2016-04-21,1612.00200
2016-04-22,1615.76930
2016-04-25,1612.86570
2016-04-26,1613.51130
2016-04-27,1614.36150
2016-04-28,1614.96950
2016-04-29,1618.43730
2016-05-02,1618.99930
2016-05-03,1616.51860
2016-05-04,1618.29790
2016-05-05,1618.54310
2016-05-06,1618.54360
2016-05-09,1620.71150
2016-05-10,1620.87250
2016-05-11,1621.26790
2016-05-12,1622.44980
2016-05-13,1621.00340
2016-05-16,1621.27610
2016-05-17,1621.00570
2016-05-18,1618.61850
2016-05-19,1619.57110
2016-05-20,1619.46300
2016-05-23,1621.90290
2016-05-24,1621.45040
2016-05-25,1622.01490
2016-05-26,1621.90900
2016-05-27,1621.66250
2016-05-30,1624.00620
2016-05-31,1623.60780
2016-06-01,1621.46190
2016-06-02,1623.76690
2016-06-03,1624.35320
2016-06-06,1627.08010
2016-06-07,1626.24490
2016-06-08,1625.62330
2016-06-09,1626.20980
2016-06-10,1625.63030
2016-06-13,1622.94250
2016-06-14,1624.32640
2016-06-15,1624.98270
2016-06-16,1626.30610
2016-06-17,1627.24510
2016-06-20,1627.77990
2016-06-21,1629.03280
2016-06-22,1632.46870
2016-06-23,1631.83270
2016-06-24,1634.75410
2016-06-27,1642.85650
2016-06-28,1647.01280
2016-06-29,1652.54920
2016-06-30,1650.70690
2016-07-01,1653.74620
2016-07-04,1654.33540
2016-07-05,1657.51760
2016-07-07,1660.20170
2016-07-08,1661.40940
2016-07-11,1662.67640
2016-07-12,1669.57100
2016-07-13,1676.49840
2016-07-14,1675.97010
2016-07-15,1679.60590
2016-07-18,1677.87070
2016-07-19,1681.73020
2016-07-20,1685.96380
2016-07-21,1689.48850
2016-07-22,1691.64640
2016-07-25,1695.61450
2016-07-26,1698.98730
2016-07-27,1699.50430
2016-07-28,1713.07890
2016-07-29,1716.74200
2016-08-01,1723.74820
2016-08-02,1719.30080
2016-08-03,1715.24200
2016-08-04,1718.27210
2016-08-05,1721.24520
2016-08-08,1722.27320
2016-08-09,1733.83480
2016-08-10,1739.86040
2016-08-11,1746.96150
2016-08-12,1745.91460
2016-08-16,1743.80850
2016-08-18,1736.11410
2016-08-19,1740.80320
2016-08-22,1733.79700
2016-08-23,1734.29420
2016-08-24,1739.55680
2016-08-25,1742.37890
2016-08-26,1742.74290
2016-08-29,1744.90930
2016-08-30,1748.47630
2016-08-31,1749.17590
2016-09-01,1748.12660
2016-09-02,1747.06490
2016-09-06,1750.57010
2016-09-07,1758.93190
2016-09-08,1759.05180
2016-09-09,1758.27680
2016-09-12,1754.36900
2016-09-14,1753.70470
2016-09-15,1755.76510
2016-09-16,1755.83550
2016-09-19,1755.24770
2016-09-20,1752.67280
2016-09-21,1755.44940
2016-09-22,1765.68070
2016-09-23,1769.83010
2016-09-26,1775.64480
2016-09-27,1777.12300
2016-09-28,1780.43100
2016-09-29,1766.93090
2016-09-30,1772.79540
2016-10-03,1780.74670
2016-10-04,1784.19130
2016-10-05,1789.98330
2016-10-06,1786.55100
2016-10-07,1781.94060
2016-10-10,1786.40520
2016-10-13,1783.18620
2016-10-14,1778.32440
2016-10-17,1779.12340
2016-10-18,1781.35780
2016-10-19,1781.22600
2016-10-20,1779.56950
2016-10-21,1780.38310
2016-10-24,1782.31420
2016-10-25,1779.85060
2016-10-26,1781.70300
2016-10-27,1779.49410
2016-10-28,1778.97380
2016-11-01,1778.31690
2016-11-02,1776.86810
2016-11-03,1777.50120
2016-11-04,1770.97570
2016-11-07,1771.93310
2016-11-08,1775.46480
2016-11-09,1793.87120
2016-11-10,1799.79980
2016-11-11,1792.82580
2016-11-15,1824.17700
2016-11-16,1835.89030
2016-11-17,1839.01920
2016-11-18,1837.74970
2016-11-21,1858.16160
2016-11-22,1861.45530
2016-11-23,1872.61750
2016-11-24,1895.03780
2016-11-25,1891.21070
2016-11-28,1880.37370
2016-11-29,1879.52530
2016-11-30,1890.79170
2016-12-01,1892.83240
2016-12-02,1887.86590
2016-12-05,1886.94650
2016-12-06,1885.92680
2016-12-07,1863.93560
2016-12-08,1859.61890
2016-12-09,1853.65500
2016-12-13,1855.09280
2016-12-14,1852.06070
2016-12-15,1834.00860
2016-12-16,1835.80020
2016-12-19,1836.55950
2016-12-20,1838.59780
2016-12-21,1840.15620
2016-12-22,1835.03150
2016-12-23,1832.30110
2016-12-26,1828.56710
2016-12-27,1828.37930
2016-12-28,1830.01700
2016-12-29,1839.16710
2016-12-30,1840.41440
2017-01-02,1855.82290
2017-01-03,1850.77360
2017-01-04,1859.97670
2017-01-05,1859.84540
2017-01-06,1859.36230
2017-01-09,1858.83900
2017-01-10,1859.44550
2017-01-11,1860.06920
2017-01-12,1865.52170
2017-01-13,1862.67020
2017-01-16,1861.01960
2017-01-17,1863.18530
2017-01-18,1859.72260
2017-01-19,1856.34180
2017-01-20,1857.79730
2017-01-23,1859.41910
2017-01-24,1862.19800
2017-01-25,1865.82660
2017-01-27,1869.22100
2017-01-30,1868.78170
2017-01-31,1868.72590
2017-02-01,1872.15970
2017-02-02,1875.02530
2017-02-03,1874.27160
2017-02-06,1874.24280
2017-02-07,1872.60420
2017-02-08,1846.37130
2017-02-09,1837.43330
2017-02-10,1841.72280
2017-02-13,1840.51470
2017-02-14,1837.34380
2017-02-15,1838.22280
2017-02-16,1839.43080
2017-02-17,1839.37930
2017-02-20,1837.74470
2017-02-22,1836.61070
2017-02-23,1838.02490
2017-02-27,1840.64980
2017-02-28,1841.65930
2017-03-01,1838.86630
2017-03-02,1842.83420
2017-03-03,1844.48220
2017-03-06,1842.61760
2017-03-07,1844.23290
2017-03-08,1843.14450
2017-03-09,1843.73180
2017-03-10,1841.76890
2017-03-14,1843.02140
2017-03-15,1850.21650
2017-03-16,1850.10680
2017-03-17,1849.83820
2017-03-20,1848.74080
2017-03-21,1849.95600
2017-03-22,1855.42730
2017-03-23,1855.09100
2017-03-24,1855.38440
2017-03-27,1863.82960
2017-03-29,1861.95410
2017-03-30,1866.05900
2017-03-31,1868.29920
2017-04-03,1869.10880
2017-04-05,1869.85640
2017-04-06,1852.96300
2017-04-07,1850.13430
2017-04-10,1849.01040
2017-04-11,1858.25770
2017-04-12,1862.73290
2017-04-13,1864.76780
2017-04-17,1862.89610
2017-04-18,1862.65810
2017-04-19,1864.30410
2017-04-20,1862.92620
2017-04-21,1857.94820
2017-04-24,1857.02730
2017-04-25,1858.76320
2017-04-26,1856.89700
2017-04-27,1859.36620
2017-04-28,1857.35190
2017-05-02,1855.85790
2017-05-03,1858.17200
2017-05-04,1857.62780
2017-05-05,1860.09650
2017-05-08,1861.84630
2017-05-09,1861.71150
2017-05-11,1862.07350
2017-05-12,1866.46810
2017-05-15,1876.63300
2017-05-16,1872.39380
2017-05-17,1872.44870
2017-05-18,1871.95680
2017-05-19,1871.08340
2017-05-22,1879.39250
2017-05-23,1878.50250
2017-05-24,1878.53050
2017-05-25,1880.64120
2017-05-26,1880.75210
2017-05-29,1878.87070
2017-05-30,1879.82750
2017-05-31,1881.07710
2017-06-01,1890.75890
2017-06-02,1890.04460
2017-06-05,1889.00990
2017-06-06,1891.08600
2017-06-07,1908.00230
2017-06-08,1916.28650
2017-06-09,1920.75180
2017-06-12,1919.58330
2017-06-13,1922.06850
2017-06-14,1924.32500
2017-06-15,1922.67690
2017-06-16,1922.40150
2017-06-19,1926.66900
2017-06-20,1929.00240
2017-06-21,1930.79780
2017-06-22,1927.90620
2017-06-23,1927.09740
2017-06-27,1926.44180
2017-06-28,1918.99880
2017-06-29,1918.53150
2017-06-30,1918.18070
2017-07-03,1909.55570
2017-07-04,1909.25170
2017-07-05,1910.89810
2017-07-06,1913.46430
2017-07-07,1917.04900
2017-07-10,1927.54200
2017-07-11,1924.16290
2017-07-12,1925.06660
2017-07-13,1927.54040
2017-07-14,1925.68410
2017-07-17,1927.51640
2017-07-18,1928.70220
2017-07-19,1931.84350
2017-07-20,1932.19740
2017-07-21,1938.45860
2017-07-24,1941.28330
2017-07-25,1937.48460
2017-07-26,1935.69450
2017-07-27,1937.33960
2017-07-28,1933.16590
2017-07-31,1931.92810
2017-08-01,1935.38360
2017-08-02,1934.93420
2017-08-03,1943.53510
2017-08-04,1942.36820
2017-08-07,1940.51900
2017-08-08,1939.86790
2017-08-09,1938.80740
2017-08-10,1935.77270
2017-08-11,1933.85040
2017-08-14,1933.30950
2017-08-16,1931.95330
2017-08-18,1934.93210
2017-08-21,1933.74310
2017-08-22,1932.43340
2017-08-23,1932.41440
2017-08-24,1931.54560
2017-08-28,1929.91070
2017-08-29,1933.69620
2017-08-30,1933.24250
2017-08-31,1934.63100
2017-09-01,1940.46460
2017-09-04,1938.30180
2017-09-05,1938.43070
2017-09-06,1939.96120
2017-09-07,1939.38880
2017-09-08,1937.58400
2017-09-11,1937.39650
2017-09-12,1937.12850
2017-09-13,1934.89920
2017-09-14,1934.34840
2017-09-15,1930.76750
2017-09-18,1929.57500
2017-09-19,1930.12050
2017-09-20,1932.12410
2017-09-21,1917.57190
2017-09-22,1918.76960
2017-09-25,1924.64880
2017-09-26,1919.39910
2017-09-27,1918.02390
2017-09-28,1920.64360
2017-09-29,1920.84760
2017-10-03,1925.67190
2017-10-04,1919.03850
2017-10-05,1914.97180
2017-10-06,1911.46500
2017-10-09,1910.14000
2017-10-10,1913.05970
2017-10-11,1915.86480
2017-10-12,1917.47300
2017-10-13,1921.84210
2017-10-16,1924.54170
2017-10-17,1921.70370
2017-10-18,1922.64090
2017-10-23,1919.64250
2017-10-24,1921.84060
2017-10-25,1918.81450
2017-10-26,1921.90180
2017-10-27,1922.13220
2017-10-30,1914.90390
2017-10-31,1920.77290
2017-11-01,1919.91340
2017-11-02,1922.05360
2017-11-03,1923.86620
2017-11-06,1921.34060
2017-11-07,1919.12250
2017-11-08,1916.99800
2017-11-09,1917.88340
2017-11-10,1914.29470
2017-11-13,1913.02440
2017-11-14,1905.77080
2017-11-15,1906.32150
2017-11-16,1903.14380
2017-11-17,1904.74260
2017-11-20,1921.73290
2017-11-21,1919.39380
2017-11-22,1910.21550
2017-11-23,1908.87840
2017-11-24,1908.72800
2017-11-27,1906.58110
2017-11-28,1908.01520
2017-11-29,1909.00010
2017-11-30,1905.24820
2017-12-04,1904.49020
2017-12-05,1907.14770
2017-12-06,1911.68580
2017-12-07,1909.90610
2017-12-08,1904.92470
2017-12-11,1897.35520
2017-12-12,1895.73780
2017-12-13,1896.35840
2017-12-14,1901.31330
2017-12-15,1901.79650
2017-12-18,1897.90930
2017-12-19,1898.03790
2017-12-20,1894.02140
2017-12-21,1891.90990
2017-12-22,1885.61430
2017-12-26,1886.30700
2017-12-27,1890.49040
2017-12-28,1865.60400
2017-12-29,1876.21880
2018-01-01,1876.79600
2018-01-02,1873.12420
2018-01-03,1876.60450
2018-01-04,1875.78110
2018-01-05,1887.61790
2018-01-08,1883.17660
2018-01-09,1876.39710
2018-01-10,1865.39000
2018-01-11,1863.59190
2018-01-12,1863.00370
2018-01-15,1865.36550
2018-01-16,1848.27680
2018-01-17,1851.29460
2018-01-18,1850.26110
2018-01-19,1850.48010
2018-01-22,1851.91160
2018-01-23,1853.28440
2018-01-24,1853.15390
2018-01-25,1851.86460
2018-01-29,1846.33660
2018-01-30,1847.43950
2018-01-31,1848.64810
2018-02-01,1825.38020
2018-02-02,1830.35510
2018-02-05,1827.32570
2018-02-06,1831.91940
2018-02-07,1837.67740
2018-02-08,1847.17630
2018-02-09,1842.61070
2018-02-12,1843.24800
2018-02-14,1845.80400
2018-02-15,1838.45080
2018-02-16,1838.11800
2018-02-20,1830.37570
2018-02-21,1825.80420
2018-02-22,1822.33920
2018-02-23,1829.63180
2018-02-26,1829.29480
2018-02-27,1832.32260
2018-02-28,1827.32000
2018-03-01,1825.43810
2018-03-05,1824.73340
2018-03-06,1823.88240
2018-03-07,1834.83950
2018-03-08,1837.35830
2018-03-09,1836.02950
2018-03-12,1841.11850
2018-03-13,1837.66970
2018-03-14,1837.02950
2018-03-15,1843.89430
2018-03-16,1855.56870
2018-03-19,1848.42220
2018-03-20,1847.64160
2018-03-21,1852.91040
2018-03-22,1856.59790
2018-03-23,1858.57440
2018-03-26,1852.53350
2018-03-27,1895.54620
2018-03-28,1885.56130
2018-04-03,1895.33290
2018-04-04,1900.49790
2018-04-05,1920.13660
2018-04-06,1913.14990
2018-04-09,1907.14530
2018-04-10,1891.01600
2018-04-11,1874.05800
2018-04-12,1882.63640
2018-04-13,1888.89790
2018-04-16,1883.60950
2018-04-17,1883.51440
2018-04-18,1878.04920
2018-04-19,1866.24710
2018-04-20,1859.06700
2018-04-23,1859.45960
2018-04-24,1867.87010
2018-04-25,1861.82860
2018-04-26,1859.74690
2018-04-27,1859.21220
2018-05-02,1863.97480
2018-05-03,1863.65400
2018-05-04,1864.94620
2018-05-07,1876.71680
2018-05-08,1884.72090
2018-05-09,1870.19960
2018-05-10,1870.14280
2018-05-11,1870.13150
2018-05-14,1858.79430
2018-05-15,1850.05840
2018-05-16,1851.21640
2018-05-17,1853.86430
2018-05-18,1860.54770
2018-05-21,1863.65400
2018-05-22,1865.70740
2018-05-23,1860.60100
2018-05-24,1858.34240
2018-05-25,1869.84560
2018-05-28,1878.96800
2018-05-29,1877.46610
2018-05-30,1875.23180
2018-05-31,1869.18140
2018-06-01,1868.67380
2018-06-04,1865.20800
2018-06-05,1872.31630
2018-06-06,1863.24660
2018-06-07,1854.04290
2018-06-08,1860.10320
2018-06-11,1859.42490
2018-06-12,1859.30200
2018-06-13,1863.59610
2018-06-14,1862.30170
2018-06-15,1868.01820
2018-06-18,1870.49050
2018-06-19,1873.22260
2018-06-20,1877.84570
2018-06-21,1883.43790
2018-06-22,1880.81860
2018-06-25,1881.17960
2018-06-26,1881.27300
2018-06-27,1878.43540
2018-06-28,1874.26740
2018-06-29,1877.36550
2018-07-02,1876.97010
2018-07-03,1880.01700
2018-07-04,1883.91850
2018-07-05,1879.15020
2018-07-06,1882.70920
2018-07-09,1881.58330
2018-07-10,1880.90840
2018-07-11,1884.12650
2018-07-12,1893.87240
2018-07-13,1893.36130
2018-07-16,1893.69550
2018-07-17,1900.72190
2018-07-18,1900.55400
2018-07-19,1898.48410
2018-07-20,1898.49050
2018-07-23,1897.23490
2018-07-24,1899.49630
2018-07-25,1899.59980
2018-07-26,1901.64290
2018-07-27,1900.46850
2018-07-30,1901.34120
2018-07-31,1902.76870
2018-08-01,1911.59470
2018-08-02,1910.45690
2018-08-03,1906.52840
2018-08-06,1907.34830
2018-08-07,1906.57360
2018-08-08,1907.29770
2018-08-09,1911.10450
2018-08-10,1910.88700
2018-08-13,1904.72310
2018-08-14,1905.73060
2018-08-16,1901.92180
2018-08-20,1905.81480
2018-08-21,1907.27270
2018-08-23,1902.97130
2018-08-24,1903.81150
2018-08-27,1903.30720
2018-08-28,1902.83040
2018-08-29,1901.46170
2018-08-30,1900.46320
2018-08-31,1898.10930
2018-09-03,1895.67140
2018-09-04,1889.09660
2018-09-05,1889.69440
2018-09-06,1889.23990
2018-09-07,1892.70980
2018-09-10,1880.69310
2018-09-11,1878.48770
2018-09-12,1883.55190
2018-09-14,1885.90270
2018-09-17,1889.74500
2018-09-18,1887.04450
2018-09-19,1893.93160
2018-09-21,1894.17240
2018-09-24,1891.39660
2018-09-25,1892.26930
2018-09-26,1897.78490
2018-09-27,1903.40280
2018-09-28,1904.10130
2018-10-01,1909.49180
2018-10-03,1897.55670
2018-10-04,1892.73590
2018-10-05,1906.84780
2018-10-08,1914.19950
2018-10-09,1903.84260
2018-10-10,1909.43720
2018-10-11,1914.73220
2018-10-12,1915.98070
2018-10-15,1922.14580
2018-10-16,1926.66540
2018-10-17,1923.81230
2018-10-19,1923.69550
2018-10-22,1924.42140
2018-10-23,1927.51190
2018-10-24,1929.38870
2018-10-25,1930.48280
2018-10-26,1930.22430
2018-10-29,1936.11560
2018-10-30,1934.70310
2018-10-31,1933.83880
2018-11-01,1938.41880
2018-11-02,1943.66450
2018-11-05,1942.01080
2018-11-06,1944.20900
2018-11-09,1948.35950
2018-11-12,1945.50970
2018-11-13,1950.39590
2018-11-14,1954.67490
2018-11-15,1951.64890
2018-11-16,1946.00010
2018-11-19,1949.65180
2018-11-20,1949.79900
2018-11-22,1958.58020
2018-11-26,1958.37090
2018-11-27,1957.98270
2018-11-28,1967.42100
2018-11-29,1971.46350
2018-11-30,1972.04030
2018-12-03,1971.77190
2018-12-04,1975.69900
2018-12-05,1988.09660
2018-12-06,1989.16080
2018-12-07,1987.16660
2018-12-10,1982.39920
2018-12-11,1990.94660
2018-12-12,2001.04250
2018-12-13,2001.69420
2018-12-14,1999.51860
2018-12-17,1999.89240
2018-12-18,2004.09250
2018-12-19,2008.61660
2018-12-20,2007.32970
2018-12-21,2007.51690
2018-12-24,2008.02160
2018-12-26,2009.56900
2018-12-27,2009.45430
2018-12-28,2006.07530
2018-12-31,2007.65960
2019-01-01,2006.54120
2019-01-02,2009.05110
2019-01-03,2006.88730
2019-01-04,2004.43880
2019-01-07,1999.11700
2019-01-08,2005.61090
2019-01-09,2003.99900
2019-01-10,2003.82020
2019-01-11,2002.25090
2019-01-14,2011.20550
2019-01-15,2006.73320
2019-01-16,1998.24230
2019-01-17,1999.81190
2019-01-18,1993.77650
2019-01-21,1997.59710
2019-01-22,2002.50190
2019-01-23,1997.73770
2019-01-24,2000.17690
2019-01-25,2002.84480
2019-01-28,2004.23490
2019-01-29,2006.24990
2019-01-30,2004.27270
2019-01-31,2012.67140
2019-02-01,1998.98910
2019-02-04,1994.41080
2019-02-05,1999.99630
2019-02-06,2004.13830
2019-02-07,2011.20050
2019-02-08,2010.42750
2019-02-11,2009.96820
2019-02-12,2010.17820
2019-02-13,2016.84960
2019-02-14,2013.68860
2019-02-15,2007.78170
2019-02-18,2008.87880
2019-02-20,2011.87120
2019-02-21,2011.88020
2019-02-22,2007.98090
2019-02-25,2008.86630
2019-02-26,2008.50680
2019-02-27,2004.03870
2019-02-28,2011.87890
2019-03-01,2015.34270
2019-03-05,2016.61660
2019-03-06,2016.51710
2019-03-07,2017.27460
2019-03-08,2019.35990
2019-03-11,2020.46610
2019-03-12,2019.64250
2019-03-13,2017.40400
2019-03-14,2017.13430
2019-03-15,2022.23560
2019-03-18,2026.13890
2019-03-19,2020.57900
2019-03-20,2024.21370
2019-03-22,2028.59050
2019-03-25,2034.29100
2019-03-26,2033.26660
2019-03-27,2034.37000
2019-03-28,2037.18230
2019-03-29,2036.05110
2019-04-02,2044.15420
2019-04-03,2044.31090
2019-04-04,2034.47380
2019-04-05,2033.56320
2019-04-08,2028.51570
2019-04-09,2031.87180
2019-04-10,2034.82190
2019-04-11,2034.69020
2019-04-12,2030.09450
2019-04-15,2033.74430
2019-04-16,2033.96460
2019-04-18,2033.61680
2019-04-22,2028.80360
2019-04-23,2030.01600
2019-04-24,2037.68450
2019-04-25,2035.50070
2019-04-26,2040.86120
2019-04-30,2042.84400
2019-05-02,2045.95090
2019-05-03,2047.81130
2019-05-06,2050.41330
2019-05-07,2052.36830
2019-05-08,2055.01440
2019-05-09,2053.69220
2019-05-10,2053.01750
2019-05-13,2057.36450
2019-05-14,2060.82830
2019-05-15,2059.80820
2019-05-16,2060.43550
2019-05-17,2061.30940
2019-05-20,2071.55920
2019-05-21,2069.54550
2019-05-22,2075.38670
2019-05-23,2078.79140
2019-05-24,2080.94080
2019-05-27,2088.64730
2019-05-28,2091.37210
2019-05-29,2095.64260
2019-05-30,2093.99660
2019-05-31,2106.84130
2019-06-03,2113.51710
2019-06-04,2108.71140
2019-06-06,2121.51930
2019-06-07,2117.46900
2019-06-10,2104.89240
2019-06-11,2110.57540
2019-06-12,2113.81990
2019-06-13,2115.09690
2019-06-14,2129.53050
2019-06-17,2129.99150
2019-06-18,2148.58590
2019-06-19,2144.73390
2019-06-20,2151.49520
2019-06-21,2142.37710
2019-06-24,2144.83610
2019-06-25,2141.37490
2019-06-26,2135.30270
2019-06-27,2139.79210
2019-06-28,2143.53610
2019-07-01,2144.58240
2019-07-02,2149.86590
2019-07-03,2152.19090
2019-07-04,2164.36620
2019-07-05,2171.78930
2019-07-08,2191.39860
2019-07-09,2188.42380
2019-07-10,2195.84880
2019-07-11,2202.62330
2019-07-12,2203.13580
2019-07-15,2210.89030
2019-07-16,2221.67760
2019-07-17,2218.56540
2019-07-18,2211.76510
2019-07-19,2214.91410
2019-07-22,2207.52720
2019-07-23,2199.38410
2019-07-24,2201.47260
2019-07-25,2193.45520
2019-07-26,2190.38240
2019-07-29,2206.33490
2019-07-30,2210.48160
2019-07-31,2214.16710
2019-08-01,2207.70600
2019-08-02,2214.80760
2019-08-05,2210.62640
2019-08-06,2218.23850
2019-08-07,2217.62010
2019-08-08,2219.36660
2019-08-09,2206.37380
2019-08-13,2202.74810
2019-08-14,2187.77870
2019-08-16,2199.82150
2019-08-19,2194.87230
2019-08-20,2196.24130
2019-08-21,2202.43400
2019-08-22,2206.01560
2019-08-23,2205.51150
2019-08-26,2217.42040
2019-08-27,2212.25490
2019-08-28,2209.12970
2019-08-29,2209.06260
2019-08-30,2206.14610
2019-09-03,2213.90540
2019-09-04,2214.24990
2019-09-05,2212.11190
2019-09-06,2211.07280
2019-09-09,2214.08000
2019-09-11,2201.98200
2019-09-12,2203.14900
2019-09-13,2204.66690
2019-09-16,2196.05180
2019-09-17,2194.28710
2019-09-18,2206.20820
2019-09-19,2205.07200
2019-09-20,2180.54370
2019-09-23,2187.10470
2019-09-24,2181.77460
2019-09-25,2181.73590
2019-09-26,2187.72790
2019-09-27,2187.91610
2019-09-30,2193.87680
2019-10-01,2204.01750
2019-10-03,2213.06480
2019-10-04,2203.02970
2019-10-07,2200.42870
2019-10-09,2203.12700
2019-10-10,2201.17170
2019-10-11,2195.90500
2019-10-14,2201.45960
2019-10-15,2201.60980
2019-10-16,2203.90660
2019-10-17,2199.04250
2019-10-18,2198.50690
2019-10-22,2197.91290
2019-10-23,2201.46940
2019-10-24,2202.21370
2019-10-25,2202.96290
2019-10-29,2202.50940
2019-10-30,2205.73960
2019-10-31,2210.23260
2019-11-01,2210.98190
2019-11-04,2209.56290
2019-11-05,2204.92440
2019-11-06,2208.19110
2019-11-07,2205.97740
2019-11-08,2200.85990
2019-11-11,2199.90470
2019-11-13,2206.05090
2019-11-14,2208.44060
2019-11-15,2209.07910
2019-11-18,2215.27880
2019-11-19,2217.00430
2019-11-20,2219.59440
2019-11-21,2214.76550
2019-11-22,2215.75930
2019-11-25,2220.33780
2019-11-26,2218.76050
2019-11-27,2219.73360
2019-11-28,2222.03950
2019-11-29,2220.57910
2019-12-02,2218.92600
2019-12-03,2222.06440
2019-12-04,2222.38240
2019-12-05,2202.66200
2019-12-06,2195.40370
2019-12-09,2198.30410
2019-12-10,2192.85570
2019-12-11,2186.33350
2019-12-12,2185.01810
2019-12-13,2183.65610
2019-12-16,2183.14330
2019-12-17,2188.85900
2019-12-18,2194.09870
2019-12-19,2190.22190
2019-12-20,2208.55620
2019-12-23,2214.05630
2019-12-24,2213.54640
2019-12-26,2214.20640
2019-12-27,2221.38600
2019-12-30,2218.25540
2019-12-31,2217.79710
2020-01-01,2225.77610
2020-01-02,2226.68510
2020-01-03,2225.76610
2020-01-06,2216.95180
2020-01-07,2219.18980
2020-01-08,2219.03870
2020-01-09,2223.31920
2020-01-10,2216.35080
2020-01-13,2216.49520
2020-01-14,2208.36130
2020-01-15,2213.49180
2020-01-16,2216.37780
2020-01-17,2217.71390
2020-01-20,2216.98490
2020-01-21,2218.29100
2020-01-22,2216.51600
2020-01-23,2218.73630
2020-01-24,2221.73120
2020-01-27,2225.20410
2020-01-28,2223.14000
2020-01-29,2223.93570
2020-01-30,2224.40550
2020-01-31,2223.08630
2020-02-03,2235.58780
2020-02-04,2235.27200
2020-02-05,2235.34990
2020-02-06,2246.62820
2020-02-07,2255.58230
2020-02-10,2257.84070
2020-02-11,2256.53180
2020-02-12,2259.59970
2020-02-13,2265.55610
2020-02-14,2270.80260
2020-02-17,2268.12080
2020-02-18,2267.30370
2020-02-20,2263.73780
2020-02-24,2271.00840
2020-02-25,2270.17080
2020-02-26,2273.32360
2020-02-27,2268.95140
2020-02-28,2269.78600
2020-03-02,2275.46830
2020-03-03,2273.87100
2020-03-04,2289.05560
2020-03-05,2287.27400
2020-03-06,2293.06260
2020-03-09,2303.54670
2020-03-11,2291.83450
2020-03-12,2276.48750
2020-03-13,2258.63890
2020-03-16,2268.61070
2020-03-17,2262.14120
2020-03-18,2258.69290
2020-03-19,2239.25150
2020-03-20,2266.10030
2020-03-23,2250.33580
2020-03-24,2253.47220
2020-03-26,2262.69830
2020-03-27,2280.00440
2020-03-30,2271.67950
2020-03-31,2284.92000
2020-04-03,2271.29460
2020-04-07,2258.38660
2020-04-08,2254.67880
2020-04-09,2253.97220
2020-04-13,2258.87230
2020-04-15,2267.42630
2020-04-16,2271.84630
2020-04-17,2282.15330
2020-04-20,2302.53840
2020-04-21,2302.96610
2020-04-22,2302.10080
2020-04-23,2330.31870
2020-04-24,2313.98870
2020-04-27,2313.23130
2020-04-28,2314.12760
2020-04-29,2315.42000
2020-04-30,2317.46200
2020-05-04,2324.07900
2020-05-05,2327.61450
2020-05-06,2336.01850
2020-05-08,2343.02440
2020-05-11,2321.40660
2020-05-12,2322.65320
2020-05-13,2330.66130
2020-05-14,2335.82330
2020-05-15,2336.27610
2020-05-18,2339.47240
2020-05-19,2344.21900
2020-05-20,2342.84290
2020-05-21,2345.61710
2020-05-22,2358.22350
2020-05-26,2358.59620
2020-05-27,2358.09440
2020-05-28,2358.29500
2020-05-29,2355.54930
2020-06-01,2350.80230
2020-06-02,2353.44210
2020-06-03,2352.51580
2020-06-04,2354.21410
2020-06-05,2352.34800
2020-06-08,2356.53930
2020-06-09,2359.75600
2020-06-10,2360.29110
2020-06-11,2361.12760
2020-06-12,2358.56830
2020-06-15,2359.97850
2020-06-16,2352.74930
2020-06-17,2355.69720
2020-06-18,2361.01470
2020-06-19,2362.75680
2020-06-22,2362.52380
2020-06-23,2359.49040
2020-06-24,2357.65340
2020-06-25,2360.58600
2020-06-26,2361.29780
2020-06-29,2364.89000
2020-06-30,2367.68910
2020-07-01,2373.77010
2020-07-02,2372.39600
2020-07-03,2372.60250
2020-07-06,2374.44680
2020-07-07,2382.78140
2020-07-08,2385.88600
2020-07-09,2387.09870
2020-07-10,2394.02610
2020-07-13,2394.34950
2020-07-14,2390.26280
2020-07-15,2392.70740
2020-07-16,2394.36930
2020-07-17,2395.17440
2020-07-20,2394.44370
2020-07-21,2391.62970
2020-07-22,2391.67340
2020-07-23,2393.20660
2020-07-24,2394.08700
2020-07-27,2390.42070
2020-07-28,2389.78210
2020-07-29,2391.29360
2020-07-30,2391.91210
2020-07-31,2391.22020
2020-08-03,2392.11630
2020-08-04,2393.32440
2020-08-05,2394.08640
2020-08-06,2389.74570
2020-08-07,2385.22760
2020-08-10,2385.71560
2020-08-11,2386.94110
2020-08-12,2386.67690
2020-08-13,2388.01420
2020-08-14,2382.96810
2020-08-17,2383.39360
2020-08-18,2381.90410
2020-08-19,2380.70670
2020-08-20,2382.03440
2020-08-21,2367.62060
2020-08-24,2355.12060
2020-08-25,2357.49240
2020-08-26,2353.05820
2020-08-27,2351.19610
2020-08-28,2351.35720
2020-08-31,2355.72270
2020-09-01,2383.14400
2020-09-02,2382.50620
2020-09-03,2387.39470
2020-09-04,2384.78300
2020-09-07,2374.67070
2020-09-08,2362.81290
2020-09-09,2373.22510
2020-09-10,2370.74920
2020-09-11,2366.93210
2020-09-14,2369.29590
2020-09-15,2368.53270
2020-09-16,2373.56650
2020-09-17,2367.04060
2020-09-18,2363.04050
2020-09-21,2364.52070
2020-09-22,2364.50110
2020-09-23,2365.67480
2020-09-24,2365.84820
2020-09-25,2360.47840
2020-09-28,2356.29480
2020-09-29,2358.90220
2020-09-30,2364.84400
2020-10-01,2368.04180
2020-10-05,2368.46860
2020-10-06,2365.27200
2020-10-07,2367.50140
2020-10-08,2367.02200
2020-10-09,2384.74900
2020-10-12,2393.74820
2020-10-13,2392.56920
2020-10-14,2391.77890
2020-10-15,2393.47640
2020-10-16,2385.97550
2020-10-19,2387.51340
2020-10-20,2388.27300
2020-10-21,2391.23120
2020-10-22,2392.24630
2020-10-23,2400.79160
2020-10-26,2408.01280
2020-10-27,2407.28420
2020-10-28,2406.91390
2020-10-29,2401.62700
2020-11-02,2401.10530
2020-11-03,2399.45040
2020-11-04,2402.34900
2020-11-05,2407.26030
2020-11-06,2408.81360
2020-11-09,2406.29660
2020-11-10,2400.79430
2020-11-11,2401.23650
2020-11-12,2401.30670
2020-11-13,2406.50960
2020-11-17,2408.32500
2020-11-18,2409.04370
2020-11-19,2409.43290
2020-11-20,2409.66570
2020-11-23,2408.17160
2020-11-24,2411.53000
2020-11-25,2412.54350
2020-11-26,2416.11270
2020-11-27,2410.41440
2020-12-01,2409.75060
2020-12-02,2410.62000
2020-12-03,2411.23860
2020-12-04,2415.57100
2020-12-07,2413.23520
2020-12-08,2410.53610
2020-12-09,2415.52900
2020-12-10,2415.58300
2020-12-11,2410.68870
2020-12-14,2411.44820
2020-12-15,2411.89930
2020-12-16,2411.33630
2020-12-17,2411.08820
2020-12-18,2408.89680
2020-12-21,2409.33640
2020-12-22,2410.39360
2020-12-23,2410.61030
2020-12-24,2410.20120
2020-12-28,2416.64940
2020-12-29,2416.75080
2020-12-30,2418.01400
2020-12-31,2420.92170
2021-01-01,2422.58650
2021-01-04,2429.12720
2021-01-05,2429.97420
2021-01-06,2426.11230
2021-01-07,2426.00030
2021-01-08,2425.56430
2021-01-11,2422.29990
2021-01-12,2420.34170
2021-01-13,2418.37550
2021-01-14,2420.94880
2021-01-15,2413.56450
2021-01-18,2414.45900
2021-01-19,2417.11900
2021-01-20,2418.35000
2021-01-21,2417.03230
2021-01-22,2418.64800
2021-01-25,2417.34170
2021-01-27,2418.07020
2021-01-28,2420.21370
2021-01-29,2418.63450
2021-02-01,2391.35550
2021-02-02,2377.95300
2021-02-03,2385.25380
2021-02-04,2390.57480
2021-02-05,2386.69690
2021-02-08,2388.50650
2021-02-09,2385.84760
2021-02-10,2387.20420
2021-02-11,2391.46600
2021-02-12,2389.49770
2021-02-15,2387.00940
2021-02-16,2387.21830
2021-02-17,2384.71860
2021-02-18,2381.70910
2021-02-22,2375.89240
2021-02-23,2379.91960
2021-02-24,2381.23990
2021-02-25,2380.27160
2021-02-26,2374.63330
2021-03-01,2377.70520
2021-03-02,2379.62160
2021-03-03,2378.75000
2021-03-04,2379.50320
2021-03-05,2375.58200
2021-03-08,2374.59940
2021-03-09,2371.37820
2021-03-10,2370.79440
2021-03-12,2369.54340
2021-03-15,2370.51880
2021-03-16,2373.38260
2021-03-17,2372.80910
2021-03-18,2373.03900
2021-03-19,2381.49230
2021-03-22,2386.19850
2021-03-23,2391.39080
2021-03-24,2392.87110
2021-03-25,2393.19390
2021-03-26,2396.38500
2021-03-30,2395.30840
2021-03-31,2395.59430
2021-04-05,2403.35750
2021-04-06,2405.49850
2021-04-07,2413.40650
2021-04-08,2416.84690
2021-04-09,2413.93530
2021-04-12,2410.83990
2021-04-15,2399.16630
2021-04-16,2401.53870
2021-04-19,2402.67000
2021-04-20,2401.91790
2021-04-22,2404.29630
2021-04-23,2404.85080
2021-04-26,2406.53350
2021-04-27,2408.24830
2021-04-28,2407.42610
2021-04-29,2407.80810
2021-04-30,2408.96070
2021-05-03,2409.01360
2021-05-04,2409.87670
2021-05-05,2410.87360
2021-05-06,2412.32600
2021-05-07,2412.47410
2021-05-10,2412.70760
2021-05-11,2413.21820
2021-05-12,2414.00210
2021-05-14,2412.65670
2021-05-17,2414.52370
2021-05-18,2414.43550
2021-05-19,2414.82460
2021-05-20,2416.24890
2021-05-21,2417.86700
2021-05-24,2418.40760
2021-05-25,2419.52660
2021-05-27,2418.75100
2021-05-28,2417.93440
2021-05-31,2415.93060
2021-06-01,2415.46090
2021-06-02,2416.23010
2021-06-03,2416.96930
2021-06-04,2415.87790
2021-06-07,2418.65780
2021-06-08,2421.55360
2021-06-09,2421.75800
2021-06-10,2423.72270
2021-06-11,2426.90760
2021-06-14,2426.75940
2021-06-15,2419.96660
2021-06-16,2416.42160
2021-06-17,2415.26260
2021-06-18,2416.87960
2021-06-21,2417.61270
2021-06-22,2417.39350
2021-06-23,2417.31470
2021-06-24,2418.16270
2021-06-25,2413.78630
2021-06-28,2408.48890
2021-06-29,2412.96730
2021-06-30,2412.13890
2021-07-01,2414.46150
2021-07-02,2410.85450
2021-07-05,2412.22740
2021-07-06,2400.28340
2021-07-07,2404.60050
2021-07-08,2413.37630
2021-07-09,2412.36590
2021-07-12,2409.85810
2021-07-13,2413.62680
2021-07-14,2412.75930
2021-07-15,2412.06700
2021-07-16,2409.85460
2021-07-19,2412.68900
2021-07-20,2417.09230
2021-07-22,2413.80560
2021-07-23,2413.75720
2021-07-26,2415.34800
2021-07-27,2413.95540
2021-07-28,2411.59240
2021-07-29,2408.32770
2021-07-30,2409.54280
2021-08-02,2413.07490
2021-08-03,2413.41600
2021-08-04,2414.84170
2021-08-05,2415.38860
2021-08-06,2407.03590
2021-08-09,2410.28080
2021-08-10,2406.84180
2021-08-11,2405.62630
2021-08-12,2408.39690
2021-08-13,2410.83420
2021-08-17,2414.98720
2021-08-18,2417.98990
2021-08-20,2419.50290
2021-08-23,2420.94420
2021-08-24,2420.68470
2021-08-25,2421.80570
2021-08-26,2421.65140
2021-08-27,2421.85860
2021-08-30,2426.54440
2021-08-31,2428.78960
2021-09-01,2431.60960
2021-09-02,2437.71730
2021-09-03,2444.49350
2021-09-06,2449.44660
2021-09-07,2443.98370
2021-09-08,2444.36280
2021-09-09,2446.25260
2021-09-13,2445.02270
2021-09-14,2445.78760
2021-09-15,2449.90490
2021-09-16,2450.06970
2021-09-17,2450.55050
2021-09-20,2459.00000
2021-09-21,2461.62120
2021-09-22,2460.52980
2021-09-23,2459.35710
2021-09-24,2448.36990
2021-09-27,2445.90190
2021-09-28,2445.00640
2021-09-29,2445.72010
2021-09-30,2444.96420
2021-10-01,2442.27680
2021-10-04,2441.41740
2021-10-05,2438.74130
2021-10-06,2436.39970
2021-10-07,2440.66730
2021-10-08,2431.63850
2021-10-11,2428.41800
2021-10-12,2428.87540
2021-10-13,2431.46750
2021-10-14,2431.38550
2021-10-18,2426.92140
2021-10-20,2428.29560
2021-10-21,2433.64970
2021-10-22,2433.71840
2021-10-25,2435.05680
2021-10-26,2435.24210
2021-10-27,2439.45640
2021-10-28,2439.04330
2021-10-29,2434.81730
2021-11-01,2435.29710
2021-11-02,2438.89320
2021-11-03,2438.85200
2021-11-08,2449.77050
2021-11-09,2455.16600
2021-11-10,2452.27030
2021-11-11,2447.92810
2021-11-12,2448.43690
2021-11-15,2452.89280
2021-11-16,2451.55890
2021-11-17,2452.03270
2021-11-18,2454.33000
2021-11-22,2454.70040
2021-11-23,2452.29560
2021-11-24,2451.80350
2021-11-25,2452.73180
2021-11-26,2457.76700
2021-11-29,2458.32640
2021-11-30,2459.68110
2021-12-01,2457.79770
2021-12-02,2458.45330
2021-12-03,2457.86860
2021-12-06,2459.09480
2021-12-07,2456.94620
2021-12-08,2460.84870
2021-12-09,2460.82530
2021-12-10,2459.44970
2021-12-13,2459.85220
2021-12-14,2460.98310
2021-12-15,2460.90580
2021-12-16,2460.69970
2021-12-17,2458.49400
2021-12-20,2455.30420
2021-12-21,2451.00820
2021-12-22,2451.65280
2021-12-23,2452.47450
2021-12-24,2452.68910
2021-12-27,2453.11140
2021-12-28,2452.11910
2021-12-29,2455.22320
2021-12-30,2453.80910
2021-12-31,2455.96780
2022-01-03,2455.70670
2022-01-04,2447.82970
2022-01-05,2448.40160
2022-01-06,2446.74860
2022-01-07,2445.69490
2022-01-10,2441.38660
2022-01-11,2442.96480
2022-01-12,2440.31800
2022-01-13,2443.91570
2022-01-14,2443.00860
2022-01-17,2440.44740
2022-01-18,2440.76810
2022-01-19,2441.15570
2022-01-20,2441.78850
2022-01-21,2441.34390
2022-01-24,2441.69630
2022-01-25,2442.54860
2022-01-27,2437.34520
2022-01-28,2436.88420
2022-01-31,2444.19440
2022-02-01,2429.90850
2022-02-02,2423.32640
2022-02-03,2422.45370
2022-02-04,2422.99710
2022-02-08,2431.07000
2022-02-09,2432.19660
2022-02-10,2439.09370
2022-02-11,2441.62560
2022-02-14,2443.84890
2022-02-15,2441.98210
2022-02-16,2440.70280
2022-02-17,2441.21580
2022-02-18,2442.05890
2022-02-21,2441.64380
2022-02-22,2439.90200
2022-02-23,2440.15040
2022-02-24,2439.05960
2022-02-25,2440.45500
2022-02-28,2441.15770
2022-03-02,2439.01520
2022-03-03,2438.25090
2022-03-04,2439.49830
2022-03-07,2436.13290
2022-03-08,2436.20070
2022-03-09,2437.97930
2022-03-10,2441.43270
2022-03-11,2439.60050
2022-03-14,2440.49180
2022-03-15,2442.22460
2022-03-16,2443.35160
2022-03-17,2445.21950
2022-03-21,2445.68730
2022-03-22,2444.16170
2022-03-23,2444.42900
2022-03-24,2444.24800
2022-03-25,2445.41980
2022-03-28,2445.17180
2022-03-29,2445.98660
2022-03-30,2447.50700
2022-03-31,2447.70030
2022-04-04,2448.11100
2022-04-05,2448.41810
2022-04-06,2448.63570
2022-04-07,2448.88620
2022-04-08,2447.75870
2022-04-11,2447.84270
2022-04-12,2447.73220
2022-04-13,2447.39580
2022-04-18,2450.49220
2022-04-19,2451.66210
2022-04-20,2453.17450
2022-04-21,2452.49540
2022-04-22,2452.00880
2022-04-25,2455.71920
2022-04-26,2456.22740
2022-04-27,2455.59680
2022-04-28,2452.94330
2022-04-29,2453.28070
2022-05-02,2454.95220
2022-05-04,2447.62340
2022-05-05,2445.84360
2022-05-06,2443.95520
2022-05-09,2444.39270
2022-05-10,2450.03890
2022-05-11,2454.09290
2022-05-12,2454.35020
2022-05-13,2454.72980
2022-05-17,2455.42200
2022-05-18,2455.73290
2022-05-19,2455.96230
2022-05-20,2455.61470
2022-05-23,2455.62020
2022-05-24,2457.46260
2022-05-25,2459.79120
2022-05-26,2460.36630
2022-05-27,2457.44360
2022-05-30,2455.35580
2022-05-31,2454.59940
2022-06-01,2454.69620
2022-06-02,2454.13430
2022-06-03,2453.59130
2022-06-06,2452.02350
2022-06-07,2451.05000
2022-06-08,2455.69530
2022-06-09,2456.17230
2022-06-10,2455.17130
2022-06-13,2451.10410
2022-06-14,2451.85680
2022-06-15,2451.71060
2022-06-16,2451.73430
2022-06-17,2454.20380
2022-06-20,2459.38280
2022-06-21,2458.12320
2022-06-22,2461.09120
2022-06-23,2460.66100
2022-06-24,2459.55730
2022-06-27,2461.95980
2022-06-28,2459.38380
2022-06-29,2460.06710
2022-06-30,2461.98140
2022-07-01,2464.45980
2022-07-04,2467.64590
2022-07-05,2468.03120
2022-07-06,2474.17020
2022-07-07,2471.51270
2022-07-08,2467.95060
2022-07-11,2468.16420
2022-07-12,2469.97790
2022-07-13,2474.31800
2022-07-14,2473.11940
2022-07-15,2471.66100
2022-07-18,2472.89410
2022-07-19,2473.43070
2022-07-20,2473.51480
2022-07-21,2474.22400
2022-07-22,2475.87060
2022-07-25,2477.30950
2022-07-26,2477.39280
2022-07-27,2478.59570
2022-07-28,2479.70120
2022-07-29,2481.29040
2022-08-01,2483.90010
2022-08-02,2485.88750
2022-08-03,2482.38030
2022-08-04,2489.64730
2022-08-05,2477.66460
2022-08-08,2477.83940
2022-08-10,2481.57700
2022-08-11,2485.20290
2022-08-12,2485.02130
2022-08-17,2496.31590
2022-08-18,2492.14560
2022-08-19,2489.31510
2022-08-22,2489.61770
2022-08-23,2489.17960
2022-08-24,2488.74790
2022-08-25,2488.31730
2022-08-26,2491.05060
2022-08-29,2489.13920
2022-08-30,2492.74000
2022-09-01,2492.55720
2022-09-02,2490.01400
2022-09-05,2492.73290
2022-09-06,2494.01120
2022-09-07,2493.92880
2022-09-08,2498.81740
2022-09-09,2499.41220
2022-09-12,2498.96260
2022-09-13,2502.96280
2022-09-14,2499.54110
2022-09-15,2495.98630
2022-09-16,2493.52660
2022-09-19,2493.98520
2022-09-20,2492.42990
2022-09-21,2493.69640
2022-09-22,2489.30370
2022-09-23,2487.07960
2022-09-26,2487.87420
2022-09-27,2490.18020
2022-09-28,2490.21350
2022-09-29,2490.70900
2022-09-30,2488.06150
2022-10-03,2487.59990
2022-10-04,2490.92440
2022-10-06,2489.30570
2022-10-07,2487.35340
2022-10-10,2486.85610
2022-10-11,2488.78140
2022-10-12,2489.30910
2022-10-13,2490.43340
2022-10-14,2488.94120
2022-10-17,2495.65750
2022-10-18,2494.38680
2022-10-19,2493.09140
2022-10-20,2491.86500
2022-10-21,2490.55620
2022-10-25,2497.80900
2022-10-27,2499.33180
2022-10-28,2500.17150
2022-10-31,2497.75670
2022-11-01,2500.66400
2022-11-02,2500.28210
2022-11-03,2495.77990
2022-11-04,2495.98160
2022-11-07,2498.64280
2022-11-09,2503.80170
2022-11-10,2508.71160
2022-11-11,2512.80500
2022-11-14,2513.69490
2022-11-15,2517.65490
2022-11-16,2517.83070
2022-11-17,2518.02620
2022-11-18,2515.43260
2022-11-21,2515.30240
2022-11-22,2518.11940
2022-11-23,2519.04880
2022-11-24,2524.06360
2022-11-25,2520.60680
2022-11-28,2525.32240
2022-11-29,2524.73640
2022-11-30,2525.00400
2022-12-01,2533.61650
2022-12-02,2531.49000
2022-12-05,2532.83890
2022-12-06,2531.16670
2022-12-07,2528.59680
2022-12-08,2528.58540
2022-12-09,2527.81140
2022-12-12,2529.68440
2022-12-13,2532.04100
2022-12-14,2534.76950
2022-12-15,2532.80620
2022-12-16,2531.72010
2022-12-19,2532.12890
2022-12-20,2531.20470
2022-12-21,2533.12150
2022-12-22,2531.95010
2022-12-23,2531.19830
2022-12-26,2531.68290
2022-12-27,2533.21020
2022-12-28,2532.38310
2022-12-29,2533.11460
2022-12-30,2533.03160
2023-01-02,2533.87500
2023-01-03,2534.73620
2023-01-04,2535.43870
2023-01-05,2535.62270
2023-01-06,2531.85910
2023-01-09,2537.18360
2023-01-10,2540.87330
2023-01-11,2543.56090
2023-01-12,2544.69480
2023-01-13,2545.31020
2023-01-16,2543.85090
2023-01-17,2543.42850
2023-01-18,2545.08280
2023-01-19,2547.84410
2023-01-20,2544.72580
2023-01-23,2546.23320
2023-01-24,2546.43160
2023-01-25,2546.90120
2023-01-27,2543.06950
2023-01-30,2541.32850
2023-01-31,2544.92210
2023-02-01,2552.66810
2023-02-02,2551.85520
2023-02-03,2554.22880
2023-02-06,2552.06850
2023-02-07,2552.88380
2023-02-08,2547.26840
2023-02-09,2546.00480
2023-02-10,2544.40990
2023-02-13,2544.81740
2023-02-14,2543.90780
2023-02-15,2546.65700
2023-02-16,2547.98380
2023-02-17,2544.14710
2023-02-20,2547.04390
2023-02-21,2545.53470
2023-02-22,2542.52680
2023-02-23,2544.63850
2023-02-24,2544.15980
2023-02-27,2542.12240
2023-02-28,2543.05160
2023-03-01,2545.49960
2023-03-02,2545.40320
2023-03-03,2548.25210
2023-03-06,2549.20940
2023-03-08,2544.04400
2023-03-09,2546.23140
2023-03-10,2548.34660
2023-03-13,2558.75790
2023-03-14,2559.22610
2023-03-15,2560.73730
2023-03-16,2561.78750
2023-03-17,2562.90230
2023-03-20,2567.90150
2023-03-21,2564.94590
2023-03-23,2567.39990
2023-03-24,2570.40740
2023-03-27,2572.66020
2023-03-28,2571.20920
2023-03-29,2575.07580
2023-03-31,2573.63050
2023-04-03,2574.47810
2023-04-05,2578.88160
2023-04-06,2587.48560
2023-04-10,2588.49750
2023-04-11,2588.06800
2023-04-12,2589.95570
2023-04-13,2589.40250
2023-04-17,2589.38650
2023-04-18,2592.31590
2023-04-19,2592.50010
2023-04-20,2594.74460
2023-04-21,2597.38340
2023-04-24,2600.96320
2023-04-25,2602.55550
2023-04-26,2603.51920
2023-04-27,2605.30200
2023-04-28,2603.56600
2023-05-02,2606.34360
2023-05-03,2618.73900
2023-05-04,2618.21020
2023-05-08,2616.74720
2023-05-09,2616.47380
2023-05-10,2617.35100
2023-05-11,2618.65150
2023-05-12,2624.34930
2023-05-15,2624.84020
2023-05-16,2629.57040
2023-05-17,2630.74880
2023-05-18,2630.55860
2023-05-19,2628.12620
2023-05-22,2633.05730
2023-05-23,2629.52850
2023-05-24,2632.71840
2023-05-25,2631.39640
2023-05-26,2631.91230
2023-05-29,2630.35280
2023-05-30,2631.79680
2023-05-31,2635.07920
2023-06-01,2637.37480
2023-06-02,2637.82720
2023-06-05,2637.46730
2023-06-06,2640.75240
2023-06-07,2640.65850
2023-06-08,2636.36630
2023-06-09,2635.51780
2023-06-12,2638.64640
2023-06-13,2640.00970
2023-06-14,2639.58780
2023-06-15,2638.05870
2023-06-16,2639.06540
2023-06-19,2638.86610
2023-06-20,2639.08480
2023-06-21,2638.84960
2023-06-22,2637.33380
2023-06-23,2638.24300
2023-06-26,2640.15700
2023-06-27,2641.08910
2023-06-28,2641.91560
2023-06-30,2638.01790
2023-07-03,2638.96320
2023-07-04,2638.88740
2023-07-05,2640.56330
2023-07-06,2638.35350
2023-07-07,2637.98830
2023-07-10,2640.29420
2023-07-11,2644.78410
2023-07-12,2643.39120
2023-07-13,2648.19960
2023-07-14,2646.89140
2023-07-17,2649.73160
2023-07-18,2652.34850
2023-07-19,2651.17320
2023-07-20,2650.43250
2023-07-21,2650.15910
2023-07-24,2653.31170
2023-07-25,2650.42580
2023-07-26,2651.79600
2023-07-27,2649.56100
2023-07-28,2646.17270
2023-07-31,2645.66060
2023-08-01,2647.59140
2023-08-02,2648.22560
2023-08-03,2645.61130
2023-08-04,2646.23030
2023-08-07,2646.89190
2023-08-08,2651.24680
2023-08-09,2650.41530
2023-08-10,2653.75890
2023-08-11,2648.91280
2023-08-14,2649.28640
2023-08-17,2645.72410
2023-08-18,2650.15230
2023-08-21,2651.08710
2023-08-22,2651.90990
2023-08-23,2655.43850
2023-08-24,2656.33870
2023-08-25,2654.79680
2023-08-28,2659.71760
2023-08-29,2659.95400
2023-08-30,2659.20510
2023-08-31,2662.29680
2023-09-01,2661.69090
2023-09-04,2659.82070
2023-09-05,2660.02830
2023-09-06,2660.40640
2023-09-07,2663.27360
2023-09-08,2660.73690
2023-09-11,2658.13240
2023-09-12,2659.13690
2023-09-13,2664.55770
2023-09-14,2671.46460
2023-09-15,2664.71440
2023-09-18,2666.63100
2023-09-20,2667.79950
2023-09-21,2670.13730
2023-09-22,2665.80310
2023-09-25,2667.34830
2023-09-26,2668.28360
2023-09-27,2665.72060
2023-09-29,2660.25670
2023-10-03,2658.60840
2023-10-04,2658.28360
2023-10-05,2662.70580
2023-10-06,2646.67110
2023-10-09,2645.12530
2023-10-10,2648.24260
2023-10-11,2653.44040
2023-10-12,2654.32030
2023-10-13,2653.29510
2023-10-16,2653.24830
2023-10-17,2654.37750
2023-10-18,2652.39170
2023-10-19,2651.30510
2023-10-20,2652.36120
2023-10-23,2651.85950
2023-10-25,2656.94090
2023-10-26,2654.61310
2023-10-27,2657.40100
2023-10-30,2656.88990
2023-10-31,2659.63770
2023-11-01,2659.45180
2023-11-02,2665.28210
2023-11-03,2667.12880
2023-11-06,2670.40890
2023-11-07,2674.50150
2023-11-08,2677.37720
2023-11-09,2678.00050
2023-11-10,2673.40930
2023-11-13,2677.51650
2023-11-15,2688.57800
2023-11-16,2688.26730
2023-11-17,2690.68890
2023-11-20,2685.74450
2023-11-21,2684.12260
2023-11-22,2687.01190
2023-11-23,2687.26170
2023-11-24,2683.08570
2023-11-28,2682.94710
2023-11-29,2686.72860
2023-11-30,2683.09140
2023-12-01,2679.58280
2023-12-04,2685.83810
2023-12-05,2688.51230
2023-12-06,2693.03230
2023-12-07,2695.45390
2023-12-08,2691.70970
2023-12-11,2690.84820
2023-12-12,2692.56130
2023-12-13,2696.69210
2023-12-14,2711.23950
2023-12-15,2717.39410
2023-12-18,2720.72050
2023-12-19,2720.02490
2023-12-20,2720.97910
2023-12-21,2717.04540
2023-12-22,2715.13540
2023-12-26,2717.71290
2023-12-27,2715.07360
2023-12-28,2714.54590
2023-12-29,2720.49540
2024-01-01,2715.70460
2024-01-02,2713.95510
2024-01-03,2713.15230
2024-01-04,2712.35310
2024-01-05,2710.59350
2024-01-08,2720.12270
2024-01-09,2723.15790
2024-01-10,2726.88510
2024-01-11,2729.78530
2024-01-12,2727.75980
2024-01-15,2739.46630
2024-01-16,2740.35390
2024-01-17,2738.29730
2024-01-18,2733.32880
2024-01-19,2736.71920
2024-01-23,2741.56680
2024-01-24,2743.20620
2024-01-25,2748.69600
2024-01-29,2757.68360
2024-01-30,2759.58740
2024-01-31,2764.53270
2024-02-01,2791.94570
2024-02-02,2799.65310
2024-02-05,2796.60280
2024-02-06,2799.28750
2024-02-07,2803.30140
2024-02-08,2803.33870
2024-02-09,2795.59390
2024-02-12,2798.05780
2024-02-13,2794.62430
2024-02-14,2792.99700
2024-02-15,2806.25610
2024-02-16,2802.55580
2024-02-20,2809.10410
2024-02-21,2811.44400
2024-02-22,2809.25990
2024-02-23,2807.92910
2024-02-26,2809.06350
2024-02-27,2806.32060
2024-02-28,2807.80980
2024-02-29,2806.20630
2024-03-01,2813.53210
2024-03-04,2816.44300
2024-03-05,2817.80780
2024-03-06,2818.22530
2024-03-07,2822.41330
2024-03-11,2827.54650
2024-03-12,2823.94000
2024-03-13,2820.70070
2024-03-14,2820.07440
2024-03-15,2818.83080
2024-03-18,2811.40130
2024-03-19,2810.82990
2024-03-20,2811.53300
2024-03-21,2821.84880
2024-03-22,2814.66140
2024-03-26,2813.96960
2024-03-27,2819.18710
2024-03-28,2830.82710
2024-03-31,2831.84980
2024-04-02,2816.82700
2024-04-03,2817.77910
2024-04-04,2819.22100
2024-04-05,2814.38470
2024-04-08,2805.37480
2024-04-10,2812.89270
2024-04-12,2799.54550
2024-04-15,2803.19090
2024-04-16,2800.20520
2024-04-18,2801.43570
2024-04-19,2795.09850
2024-04-22,2803.08390
2024-04-23,2807.71500
2024-04-24,2804.32410
2024-04-25,2802.72510
2024-04-26,2801.84610
2024-04-29,2804.98790
2024-04-30,2803.54200
2024-05-02,2810.66410
2024-05-03,2817.26730
2024-05-06,2829.02400
2024-05-07,2823.71080
2024-05-08,2822.61090
2024-05-09,2825.46910
2024-05-10,2830.48070
2024-05-13,2834.48350
2024-05-14,2839.03800
2024-05-15,2844.45010
2024-05-16,2847.99660
2024-05-17,2844.01810
2024-05-21,2849.71700
2024-05-22,2862.00010
2024-05-24,2864.94030
2024-05-27,2868.40450
2024-05-28,2865.60810
2024-05-29,2862.54690
2024-05-30,2864.20740
2024-05-31,2866.48900
2024-06-03,2879.96650
2024-06-04,2858.26650
2024-06-05,2862.46750
2024-06-06,2868.57890
2024-06-07,2869.73290
2024-06-10,2869.90230
2024-06-11,2873.65200
2024-06-12,2874.79980
2024-06-13,2880.45670
2024-06-14,2883.24770
2024-06-18,2887.54310
2024-06-19,2894.08000
2024-06-20,2894.64210
2024-06-21,2899.81720
2024-06-24,2901.25470
2024-06-25,2898.17620
2024-06-26,2896.82230
2024-06-27,2897.71990
2024-06-28,2895.22720
2024-07-01,2895.72380
2024-07-02,2897.21110
2024-07-03,2899.62270
2024-07-04,2898.88860
2024-07-05,2895.77990
2024-07-08,2899.10930
2024-07-09,2899.99580
2024-07-10,2903.38940
2024-07-11,2902.67090
2024-07-12,2902.32530
2024-07-15,2905.26210
2024-07-16,2909.43930
2024-07-18,2911.39160
2024-07-19,2913.57710
2024-07-22,2916.75850
2024-07-23,2915.36970
2024-07-24,2916.92290
2024-07-25,2919.65250
2024-07-26,2920.25790
2024-07-29,2922.70480
2024-07-30,2916.27180
2024-07-31,2917.41040
2024-08-01,2917.20530
2024-08-02,2920.72180
2024-08-05,2930.77800
2024-08-06,2930.38110
2024-08-07,2933.73810
2024-08-08,2931.07060
2024-08-09,2930.50740
2024-08-12,2932.69210
2024-08-13,2932.75770
2024-08-14,2938.58160
2024-08-16,2939.86810
2024-08-19,2947.32980
2024-08-20,2953.52490
2024-08-21,2954.55580
2024-08-22,2954.33220
2024-08-23,2952.98530
2024-08-26,2954.07100
2024-08-27,2951.99590
2024-08-28,2951.65570
2024-08-29,2951.49190
2024-08-30,2950.88620
2024-09-02,2950.12140
2024-09-03,2953.73790
2024-09-04,2959.27260
2024-09-05,2959.97910
2024-09-06,2958.42880
2024-09-09,2960.85850
2024-09-10,2963.54270
2024-09-11,2970.39940
2024-09-12,2975.36160
2024-09-13,2978.34020
2024-09-16,2986.86450
2024-09-17,2981.81910
2024-09-19,2987.59930
2024-09-20,2985.93980
2024-09-23,2989.27700
2024-09-24,2993.49100
2024-09-25,3003.90050
2024-09-26,3010.70920
2024-09-27,2996.82510
2024-09-30,3003.08200
2024-10-01,3011.46650
2024-10-03,3001.38720
2024-10-04,2982.45920
2024-10-07,2981.53460
2024-10-08,2990.34390
2024-10-09,2998.40240
2024-10-10,2996.57470
2024-10-11,2993.38560
2024-10-14,2998.60660
2024-10-15,3002.02320
2024-10-16,3001.59680
2024-10-17,2997.09790
2024-10-18,2989.76350
2024-10-21,2990.56690
2024-10-22,2992.87830
2024-10-23,2995.82690
2024-10-24,2993.83300
2024-10-25,2988.00560
2024-10-28,2983.46610
2024-10-29,2989.15640
2024-10-30,2994.63880
2024-10-31,2991.66940
2024-11-04,2996.71380
2024-11-05,2995.62550
2024-11-06,2994.49590
2024-11-07,2994.55370
2024-11-08,2997.23950
2024-11-11,3000.76920
2024-11-12,2998.10020
2024-11-13,2994.22850
2024-11-14,2983.40150
2024-11-18,2988.13470
2024-11-19,2988.56210
2024-11-21,2983.33230
2024-11-22,2982.78310
2024-11-25,2990.01890
2024-11-26,2988.55290
2024-11-27,2992.13440
2024-11-28,2990.53420
2024-11-29,3000.13700
2024-12-02,3011.44790
2024-12-03,3010.50640
2024-12-04,3018.95260
2024-12-05,3020.79060
2024-12-06,3008.46420
2024-12-09,3016.89730
2024-12-10,3018.62760
2024-12-11,3014.93820
2024-12-12,3015.40630
2024-12-13,3022.49760
2024-12-16,3021.44820
2024-12-17,3016.58040
2024-12-18,3018.84920
2024-12-19,3007.09930
2024-12-20,3004.20010
2024-12-23,3006.22950
2024-12-24,3004.63020
2024-12-26,3002.13750
2024-12-27,3003.53850
2024-12-30,3007.47040
2024-12-31,3013.96660
2025-01-01,3007.97980
2025-01-02,3008.93160
2025-01-03,3010.08090
2025-01-06,3013.21420
2025-01-07,3020.35200
2025-01-08,3017.98710
2025-01-09,3016.41830
2025-01-10,3014.73070
2025-01-13,2995.19360
2025-01-14,2997.30270
2025-01-15,2999.92800
2025-01-16,3011.11560
2025-01-17,3006.89240
2025-01-20,3012.67490
2025-01-21,3023.43850
2025-01-22,3030.95790
2025-01-23,3030.27330
2025-01-24,3035.17930
2025-01-27,3043.34630
2025-01-28,3038.75290
2025-01-29,3035.42440
2025-01-30,3035.97390
2025-01-31,3031.41480
2025-02-03,3030.68870
2025-02-04,3030.23280
2025-02-05,3036.36950
2025-02-06,3043.48320
2025-02-07,3032.29480
2025-02-10,3031.82800
2025-02-11,3032.06930
2025-02-12,3034.68610
2025-02-13,3029.65260
2025-02-14,3030.56810
2025-02-17,3033.04650
2025-02-18,3034.38820
2025-02-20,3030.83000
2025-02-21,3025.73440
2025-02-24,3027.41730
2025-02-25,3025.93470
2025-02-27,3020.24960
2025-02-28,3015.56910
2025-03-03,3015.02750
2025-03-04,3014.35350
2025-03-05,3022.98040
2025-03-06,3032.91670
2025-03-07,3036.26050
2025-03-10,3040.02560
2025-03-11,3044.64670
2025-03-12,3050.70700
2025-03-13,3054.44430
2025-03-17,3060.61320
2025-03-18,3064.81170
2025-03-19,3075.74150
2025-03-20,3082.32120
2025-03-21,3080.02770
2025-03-24,3080.21290
2025-03-25,3080.28790
2025-03-26,3089.37890
2025-03-27,3092.13520
2025-03-28,3101.81260
2025-03-31,3102.87420
2025-04-02,3128.48900
2025-04-03,3123.50830
2025-04-04,3130.36640
2025-04-07,3126.52250
2025-04-08,3126.70780
2025-04-09,3131.33770
2025-04-11,3133.23650
2025-04-15,3140.80920
2025-04-16,3142.09190
2025-04-17,3144.35780
2025-04-21,3163.51590
2025-04-22,3176.50930
2025-04-23,3180.73220
2025-04-24,3180.46420
2025-04-25,3170.65250
2025-04-28,3163.46570
2025-04-29,3177.92780
2025-04-30,3175.34870
2025-05-02,3177.16860
2025-05-05,3183.06400
2025-05-06,3174.85790
2025-05-07,3176.30840
2025-05-08,3156.11870
2025-05-09,3153.33360
2025-05-13,3169.70240
2025-05-14,3181.08780
2025-05-15,3183.55890
2025-05-16,3189.42310
2025-05-19,3184.66620
2025-05-20,3188.08720
2025-05-21,3191.49950
2025-05-22,3183.42400
2025-05-23,3188.81600
2025-05-26,3190.84700
2025-05-27,3191.45000
2025-05-28,3194.09810
2025-05-29,3190.40690
2025-05-30,3182.57840
2025-06-02,3183.50640
2025-06-03,3184.51330
2025-06-04,3182.52060
2025-06-05,3184.74070
2025-06-06,3162.41700
2025-06-09,3145.68590
2025-06-10,3139.75950
2025-06-11,3134.06470
2025-06-12,3132.01870
2025-06-13,3127.08880
2025-06-16,3136.92560
2025-06-17,3135.45970
2025-06-18,3132.54530
2025-06-19,3122.61570
2025-06-20,3124.75450
2025-06-23,3128.09860
2025-06-24,3135.92620
2025-06-25,3128.15180
2025-06-26,3128.55960
2025-06-27,3124.44890
2025-06-30,3128.93660
2025-07-01,3135.69660
2025-07-02,3140.78110
2025-07-03,3137.94120
2025-07-04,3140.72340
2025-07-07,3141.76260
2025-07-08,3140.63540
2025-07-09,3138.43580
2025-07-10,3136.74700
2025-07-11,3148.51640
2025-07-14,3153.27460
2025-07-15,3152.41420
2025-07-16,3151.38180
2025-07-17,3154.10130
2025-07-18,3162.82190
2025-07-21,3165.95660
2025-07-22,3168.73330
2025-07-23,3165.74420
2025-07-24,3161.66190
2025-07-25,3151.80310
2025-07-28,3146.19200
2025-07-29,3142.31170
2025-07-30,3143.44720
2025-07-31,3145.42730
2025-08-01,3146.68790
2025-08-04,3155.82950
2025-08-05,3150.78090
2025-08-06,3132.14740
2025-08-07,3133.78340
2025-08-08,3129.01090
2025-08-11,3118.11080
2025-08-12,3105.88160
2025-08-13,3106.94650
2025-08-14,3122.10520
2025-08-18,3105.09990
2025-08-19,3102.71900
2025-08-20,3106.71100
2025-08-21,3101.82440
2025-08-22,3099.47760
2025-08-25,3090.12120
2025-08-26,3083.52180
2025-08-28,3100.32370
2025-08-29,3088.78910
2025-09-01,3088.53660
2025-09-02,3091.31490
2025-09-03,3102.45790
2025-09-04,3114.92040
2025-09-05,3125.54560
2025-09-09,3121.10330
2025-09-10,3117.60820
2025-09-11,3117.98400
2025-09-12,3122.11710
2025-09-15,3121.93130
2025-09-16,3123.14970
2025-09-17,3131.01520
2025-09-18,3123.55290
2025-09-19,3129.48690
2025-09-22,3128.05390
2025-09-23,3130.76650
2025-09-24,3129.41060
2025-09-25,3129.60200
2025-09-26,3127.64360
2025-09-30,3122.46920
2025-10-01,3137.03380
2025-10-03,3141.18550
2025-10-06,3145.27740
2025-10-07,3146.74050
2025-10-08,3148.60680
2025-10-09,3146.17390
2025-10-10,3148.76700
2025-10-13,3156.07040
2025-10-14,3155.84750
2025-10-15,3161.69100
2025-10-16,3157.75100
2025-10-17,3151.44030
2025-10-20,3152.52470
2025-10-23,3146.90640
2025-10-24,3145.46400
2025-10-27,3143.85760
2025-10-28,3143.08930
2025-10-29,3145.01000
2025-10-30,3134.35700
2025-10-31,3141.19180
2025-11-03,3138.30240
2025-11-04,3140.24710
2025-11-06,3143.76290
2025-11-07,3143.12270
2025-11-10,3146.75920
2025-11-11,3146.72760
2025-11-12,3148.28000
2025-11-13,3143.49520
2025-11-14,3136.22340
2025-11-17,3135.44450
2025-11-18,3140.94330
2025-11-19,3143.38620
2025-11-20,3145.39260
2025-11-21,3139.88950
2025-11-24,3148.54290
2025-11-25,3154.35870
2025-11-26,3154.70540
2025-11-27,3151.30620
2025-11-28,3138.93820
2025-12-01,3133.50120
2025-12-02,3140.37400
2025-12-03,3137.97830
2025-12-04,3137.46370
2025-12-05,3148.23730
2025-12-08,3142.34640
2025-12-09,3126.30130
2025-12-10,3121.09600
2025-12-11,3128.94550
2025-12-12,3134.65180
2025-12-15,3144.84050
2025-12-16,3147.15580
2025-12-17,3143.85590
2025-12-18,3147.03430
2025-12-19,3148.45680
2025-12-22,3133.81380
2025-12-23,3140.43430
2025-12-24,3159.79250
2025-12-26,3155.87090
2025-12-29,3160.98890
2025-12-30,3162.04730
2025-12-31,3165.00260
2026-01-01,3165.19890
2026-01-02,3163.47320
2026-01-05,3152.50920
2026-01-06,3151.45670
2026-01-07,3153.02190
2026-01-08,3146.36800
2026-01-09,3144.76830
2026-01-12,3149.11370
2026-01-13,3147.53370
2026-01-14,3144.09390
2026-01-16,3139.52420
2026-01-19,3138.83210
2026-01-20,3137.57500
2026-01-21,3139.91110
2026-01-22,3146.19000
2026-01-23,3146.56180
2026-01-27,3138.90400
2026-01-28,3147.08640
2026-01-29,3150.67670
2026-01-30,3155.93560
2026-02-02,3130.27420
2026-02-03,3139.03250
2026-02-04,3144.74220
2026-02-05,3158.37520
2026-02-06,3131.40640
2026-02-09,3123.61430
2026-02-10,3128.96940
2026-02-11,3137.76890
2026-02-12,3144.52020
2026-02-13,3142.81070
2026-02-16,3150.98930
2026-02-17,3155.95300
2026-02-18,3149.43910
2026-02-20,3145.77180
2026-02-23,3151.48920
2026-02-24,3157.32570
2026-02-25,3164.52150
2026-02-26,3164.87410
2026-02-27,3173.58930
2026-03-02,3170.84510
2026-03-04,3163.49960
2026-03-05,3165.04790
2026-03-06,3156.18670
2026-03-09,3148.82980
2026-03-10,3167.16560
2026-03-11,3165.98890
2026-03-12,3158.70200
2026-03-13,3152.43390
2026-03-16,3145.38700
2026-03-17,3146.44590
2026-03-18,3147.59920
2026-03-20,3141.44450
2026-03-23,3113.61000
2026-03-24,3109.77870
2026-03-25,3112.67290
2026-03-27,3094.32370
2026-03-30,3078.48330
2026-03-31,3079.06830
2026-04-02,3061.51650
2026-04-06,3087.34610
2026-04-07,3093.22320
2026-04-08,3130.01850
2026-04-09,3120.83300
2026-04-10,3142.94830
2026-04-13,3138.03510
2026-04-15,3152.09170
2026-04-16,3155.06680
2026-04-17,3153.83830
2026-04-20,3158.27420
2026-04-21,3160.47960
2026-04-22,3156.99930
2026-04-23,3147.48300
2026-04-24,3143.67080
2026-04-27,3153.10540
2026-04-28,3141.32470
2026-04-29,3137.32830
2026-04-30,3137.34230
2026-05-04,3145.44020
2026-05-05,3141.76320
2026-05-06,3169.96370
2026-05-07,3168.41620
2026-05-08,3159.54260
2026-05-11,3140.95360
2026-05-12,3130.68680
2026-05-13,3133.80210
2026-05-14,3139.82260
2026-05-15,3133.60160
2026-05-18,3110.68590
2026-05-19,3118.74220
2026-05-20,3125.76130
2026-05-21,3121.03590
2026-05-22,3122.85510
2026-05-25,3139.11710
2026-05-26,3138.74220
2026-05-27,3139.33080
2026-05-29,3140.32080
2026-06-01,3140.24210
2026-06-02,3142.80730
2026-06-03,3136.78390
2026-06-04,3143.66410
2026-06-05,3158.10320
2026-06-08,3164.15010
2026-06-09,3179.42970
2026-06-10,3170.44200
2026-06-11,3169.23740
2026-06-12,3175.77260
2026-06-15,3183.98610
2026-06-16,3186.65920
2026-06-17,3187.57510
2026-06-18,3201.94090
2026-06-19,3197.62640
2026-06-22,3205.92830
2026-06-23,3213.66180
2026-06-24,3230.24760
2026-06-25,3245.40570
2026-06-29,3259.70390
2026-06-30,3262.91020
2026-07-01,3260.03020
2026-07-02,3271.92010
2026-07-03,3266.47400
2026-07-06,3272.68360
2026-07-07,3271.02060
2026-07-08,3255.03140
2026-07-09,3260.39040
2026-07-10,3269.71310
2026-07-13,3267.09360
2026-07-14,3249.08310
2026-07-15,3255.18810
2026-07-16,3261.42940
2026-07-17,3253.97670
2026-07-20,3252.96270
2026-07-21,3251.51090
2026-07-22,3248.61070
2026-07-23,3241.41690
2026-07-24,3244.74320
2026-07-27,3260.77120
2026-07-28,3258.48310
2026-07-29,3251.56800
2026-07-30,3249.33120
2026-07-31,3246.70970
2026-08-03,3248.57280
2026-08-04,3252.38270
2026-08-05,3259.99020
2026-08-06,3262.31610
2026-08-07,3265.68940
2026-08-10,3270.44770
2026-08-11,3267.21470
2026-08-12,3273.20530
2026-08-13,3283.71810
2026-08-14,3287.41630
2026-08-17,3273.71960
2026-08-18,3269.19020
2026-08-19,3268.56980
2026-08-20,3255.99360
2026-08-21,3254.26170
2026-08-24,3252.31600
2026-08-25,3256.19500
2026-08-27,3250.49160
2026-08-28,3241.83230
2026-08-31,3233.27420
2026-09-01,3234.15860
2026-09-02,3229.39620
2026-09-03,3230.78620
2026-09-04,3232.48730
2026-09-07,3234.27890
