Date,NAV
2014-10-13,35.22000
2014-10-14,35.20000
2014-10-16,34.83000
2014-10-17,34.95000
2014-10-20,35.20000
2014-10-21,35.31000
2014-10-22,35.45000
2014-10-27,35.40000
2014-10-28,35.45000
2014-10-29,35.60000
2014-10-30,35.87000
2014-10-31,36.36000
2014-11-03,36.45000
2014-11-05,36.45000
2014-11-07,36.53000
2014-11-10,36.61000
2014-11-11,36.69000
2014-11-12,36.77000
2014-11-13,36.71000
2014-11-14,36.70000
2014-11-17,36.85000
2014-11-18,36.86000
2014-11-19,36.68000
2014-11-20,36.69000
2014-11-21,36.92000
2014-11-24,37.09000
2014-11-25,36.76000
2014-11-26,36.81000
2014-11-27,36.99000
2014-11-28,37.31000
2014-12-01,37.20000
2014-12-02,37.20000
2014-12-03,37.34000
2014-12-04,37.51000
2014-12-05,37.35000
2014-12-08,37.07000
2014-12-09,36.77000
2014-12-10,37.00000
2014-12-11,36.81000
2014-12-12,36.56000
2014-12-15,36.46000
2014-12-16,35.89000
2014-12-17,35.77000
2014-12-18,36.24000
2014-12-19,36.42000
2014-12-22,36.72000
2014-12-23,36.59000
2014-12-24,36.32000
2014-12-26,36.37000
2014-12-29,36.49000
2014-12-30,36.57000
2014-12-31,36.80000
2015-01-01,36.83000
2015-01-02,37.05000
2015-01-05,36.96000
2015-01-06,36.30000
2015-01-07,36.35000
2015-01-08,36.64000
2015-01-09,36.73000
2015-01-12,36.83000
2015-01-13,36.80000
2015-01-14,36.70000
2015-01-15,37.19000
2015-01-16,37.20000
2015-01-19,37.30000
2015-01-20,37.65000
2015-01-21,37.73000
2015-01-22,37.90000
2015-01-23,37.97000
2015-01-27,38.20000
2015-01-28,38.25000
2015-01-29,38.28000
2015-01-30,37.96000
2015-02-02,38.00000
2015-02-03,37.97000
2015-02-04,37.85000
2015-02-05,37.75000
2015-02-06,37.55000
2015-02-09,37.25000
2015-02-10,37.37000
2015-02-11,37.55000
2015-02-12,37.84000
2015-02-13,38.09000
2015-02-16,38.05000
2015-02-18,38.35000
2015-02-19,38.23000
2015-02-20,38.08000
2015-02-23,37.85000
2015-02-24,37.60000
2015-02-25,37.57000
2015-02-26,37.38000
2015-02-27,37.83000
2015-03-02,38.30000
2015-03-03,38.33000
2015-03-04,38.18000
2015-03-05,38.18000
2015-03-09,37.77000
2015-03-10,37.57000
2015-03-11,37.53000
2015-03-12,37.90000
2015-03-13,37.45000
2015-03-16,37.31000
2015-03-17,37.42000
2015-03-18,37.40000
2015-03-19,37.19000
2015-03-20,36.95000
2015-03-23,36.73000
2015-03-24,36.66000
2015-03-25,36.64000
2015-03-26,36.38000
2015-03-27,36.39000
2015-03-30,36.99000
2015-03-31,37.02000
2015-04-01,37.24000
2015-04-06,37.42000
2015-04-07,37.51000
2015-04-08,37.75000
2015-04-09,38.06000
2015-04-10,38.03000
2015-04-13,38.01000
2015-04-15,37.71000
2015-04-16,37.56000
2015-04-17,37.08000
2015-04-20,36.68000
2015-04-21,36.54000
2015-04-22,36.51000
2015-04-23,36.44000
2015-04-24,36.15000
2015-04-27,35.81000
2015-04-28,36.01000
2015-04-29,36.06000
2015-04-30,36.14000
2015-05-04,36.43000
2015-05-05,36.52000
2015-05-06,35.85000
2015-05-07,35.68000
2015-05-08,36.11000
2015-05-11,36.52000
2015-05-12,36.18000
2015-05-13,36.54000
2015-05-14,36.51000
2015-05-15,36.62000
2015-05-18,36.81000
2015-05-19,36.74000
2015-05-20,36.86000
2015-05-21,36.87000
2015-05-22,36.99000
2015-05-25,36.94000
2015-05-26,36.84000
2015-05-27,36.74000
2015-05-28,36.64000
2015-05-29,36.89000
2015-06-01,36.81000
2015-06-02,36.31000
2015-06-03,36.05000
2015-06-04,36.09000
2015-06-05,36.13000
2015-06-08,36.05000
2015-06-09,35.99000
2015-06-10,36.24000
2015-06-11,35.90000
2015-06-12,35.90000
2015-06-15,36.09000
2015-06-16,36.17000
2015-06-17,36.36000
2015-06-18,36.68000
2015-06-19,36.77000
2015-06-22,37.05000
2015-06-23,37.02000
2015-06-24,37.00000
2015-06-25,37.02000
2015-06-26,37.10000
2015-06-29,36.93000
2015-06-30,37.10000
2015-07-01,37.39000
2015-07-02,37.51000
2015-07-03,37.64000
2015-07-06,37.80000
2015-07-07,37.79000
2015-07-08,37.43000
2015-07-09,37.28000
2015-07-10,37.45000
2015-07-13,37.75000
2015-07-14,37.70000
2015-07-15,38.00000
2015-07-16,38.34000
2015-07-17,38.49000
2015-07-20,38.48000
2015-07-21,38.17000
2015-07-22,38.29000
2015-07-23,38.25000
2015-07-24,38.08000
2015-07-27,37.73000
2015-07-28,37.76000
2015-07-29,38.08000
2015-07-30,38.10000
2015-07-31,38.40000
2015-08-03,38.55000
2015-08-04,38.63000
2015-08-05,38.88000
2015-08-06,38.98000
2015-08-07,38.97000
2015-08-10,38.81000
2015-08-11,38.61000
2015-08-12,38.21000
2015-08-13,38.03000
2015-08-14,38.59000
2015-08-17,38.74000
2015-08-18,38.75000
2015-08-19,39.01000
2015-08-20,38.39000
2015-08-21,38.16000
2015-08-24,36.27000
2015-08-25,36.41000
2015-08-26,36.42000
2015-08-27,36.89000
2015-08-28,37.08000
2015-08-31,37.15000
2015-09-01,36.52000
2015-09-02,36.39000
2015-09-03,36.85000
2015-09-04,36.18000
2015-09-07,35.75000
2015-09-08,35.99000
2015-09-09,36.57000
2015-09-10,36.55000
2015-09-11,36.63000
2015-09-14,36.87000
2015-09-15,36.62000
2015-09-16,36.59000
2015-09-18,37.03000
2015-09-21,37.33000
2015-09-22,36.89000
2015-09-23,36.96000
2015-09-24,36.98000
2015-09-28,36.83000
2015-09-29,36.86000
2015-09-30,37.13000
2015-10-01,37.15000
2015-10-05,37.59000
2015-10-06,37.60000
2015-10-07,37.66000
2015-10-08,37.44000
2015-10-09,37.49000
2015-10-12,37.38000
2015-10-13,37.32000
2015-10-14,37.36000
2015-10-15,37.51000
2015-10-16,37.58000
2015-10-19,37.63000
2015-10-20,37.80000
2015-10-21,37.86000
2015-10-23,37.90000
2015-10-26,37.73000
2015-10-27,37.61000
2015-10-28,37.42000
2015-10-29,37.36000
2015-10-30,37.41000
2015-11-02,37.35000
2015-11-03,37.34000
2015-11-04,37.30000
2015-11-05,37.03000
2015-11-06,36.90000
2015-11-09,36.77000
2015-11-10,36.43000
2015-11-13,36.45000
2015-11-16,36.44000
2015-11-17,36.48000
2015-11-18,36.20000
2015-11-19,36.57000
2015-11-20,36.70000
2015-11-23,36.84000
2015-11-24,36.87000
2015-11-26,37.03000
2015-11-27,37.17000
2015-11-30,37.25000
2015-12-01,37.24000
2015-12-02,37.18000
2015-12-03,37.07000
2015-12-04,36.88000
2015-12-07,36.79000
2015-12-08,36.56000
2015-12-09,36.10000
2015-12-10,36.29000
2015-12-11,36.04000
2015-12-14,36.09000
2015-12-15,36.32000
2015-12-16,36.54000
2015-12-17,36.94000
2015-12-18,36.74000
2015-12-21,37.20000
2015-12-22,37.14000
2015-12-23,37.39000
2015-12-24,37.49000
2015-12-28,37.66000
2015-12-29,37.86000
2015-12-30,37.86000
2015-12-31,38.13000
2016-01-01,38.22000
2016-01-04,37.81000
2016-01-05,37.96000
2016-01-06,37.93000
2016-01-07,37.30000
2016-01-08,37.52000
2016-01-11,37.36000
2016-01-12,37.12000
2016-01-13,36.94000
2016-01-14,36.76000
2016-01-15,36.19000
2016-01-18,35.37000
2016-01-19,35.77000
2016-01-20,35.41000
2016-01-21,35.48000
2016-01-22,36.07000
2016-01-25,36.06000
2016-01-27,36.09000
2016-01-28,35.96000
2016-01-29,36.32000
2016-02-01,36.36000
2016-02-02,36.15000
2016-02-03,35.85000
2016-02-04,35.91000
2016-02-05,36.40000
2016-02-08,36.19000
2016-02-09,35.91000
2016-02-10,35.48000
2016-02-11,34.52000
2016-02-12,34.43000
2016-02-15,35.30000
2016-02-16,34.73000
2016-02-17,34.68000
2016-02-18,34.85000
2016-02-19,34.86000
2016-02-22,34.95000
2016-02-23,34.65000
2016-02-24,34.32000
2016-02-25,34.02000
2016-02-26,34.07000
2016-02-29,34.01000
2016-03-01,35.05000
2016-03-02,35.72000
2016-03-03,36.12000
2016-03-04,36.43000
2016-03-08,36.49000
2016-03-09,36.63000
2016-03-10,36.46000
2016-03-11,36.45000
2016-03-14,36.57000
2016-03-15,36.43000
2016-03-16,36.34000
2016-03-17,36.42000
2016-03-18,36.85000
2016-03-21,37.20000
2016-03-22,37.27000
2016-03-23,37.43000
2016-03-28,36.95000
2016-03-29,36.92000
2016-03-30,37.35000
2016-03-31,37.50000
2016-04-01,37.65000
2016-04-04,37.73000
2016-04-05,37.23000
2016-04-06,37.51000
2016-04-07,37.42000
2016-04-08,37.65000
2016-04-11,37.98000
2016-04-12,38.19000
2016-04-13,38.55000
2016-04-18,38.72000
2016-04-20,38.91000
2016-04-21,38.79000
2016-04-22,38.78000
2016-04-25,38.55000
2016-04-26,38.69000
2016-04-27,38.68000
2016-04-28,38.41000
2016-04-29,38.43000
2016-05-02,38.56000
2016-05-03,38.36000
2016-05-04,38.02000
2016-05-05,38.06000
2016-05-06,37.99000
2016-05-09,38.31000
2016-05-10,38.32000
2016-05-11,38.30000
2016-05-12,38.45000
2016-05-13,38.38000
2016-05-16,38.58000
2016-05-17,38.69000
2016-05-18,38.72000
2016-05-19,38.43000
2016-05-20,38.36000
2016-05-23,38.40000
2016-05-24,38.30000
2016-05-25,38.58000
2016-05-26,38.79000
2016-05-27,38.85000
2016-05-30,39.10000
2016-05-31,39.18000
2016-06-01,39.24000
2016-06-02,39.46000
2016-06-03,39.47000
2016-06-06,39.59000
2016-06-07,39.72000
2016-06-08,40.02000
2016-06-09,39.92000
2016-06-10,39.85000
2016-06-13,39.66000
2016-06-14,39.69000
2016-06-15,39.89000
2016-06-16,39.87000
2016-06-17,39.93000
2016-06-20,40.09000
2016-06-21,40.20000
2016-06-22,40.19000
2016-06-23,40.32000
2016-06-24,39.85000
2016-06-27,40.07000
2016-06-28,40.29000
2016-06-29,40.60000
2016-06-30,40.94000
2016-07-01,41.20000
2016-07-04,41.35000
2016-07-05,41.32000
2016-07-07,41.31000
2016-07-08,41.29000
2016-07-11,41.55000
2016-07-12,41.74000
2016-07-13,41.57000
2016-07-14,41.68000
2016-07-15,41.82000
2016-07-18,41.72000
2016-07-19,41.88000
2016-07-20,42.09000
2016-07-21,42.17000
2016-07-22,42.54000
2016-07-25,42.65000
2016-07-26,42.77000
2016-07-27,42.89000
2016-07-28,43.24000
2016-07-29,43.30000
2016-08-01,43.39000
2016-08-02,43.09000
2016-08-03,42.61000
2016-08-04,42.57000
2016-08-05,42.94000
2016-08-08,42.94000
2016-08-09,42.91000
2016-08-10,42.62000
2016-08-11,42.65000
2016-08-12,42.68000
2016-08-16,42.78000
2016-08-17,42.79000
2016-08-18,42.96000
2016-08-19,43.06000
2016-08-22,43.04000
2016-08-23,43.10000
2016-08-24,43.27000
2016-08-25,43.29000
2016-08-26,43.36000
2016-08-29,43.37000
2016-08-30,43.63000
2016-08-31,43.84000
2016-09-01,43.90000
2016-09-02,44.00000
2016-09-06,44.23000
2016-09-07,44.20000
2016-09-08,44.28000
2016-09-09,44.20000
2016-09-12,43.80000
2016-09-14,43.96000
2016-09-15,43.88000
2016-09-16,43.98000
2016-09-19,43.94000
2016-09-20,43.90000
2016-09-21,44.01000
2016-09-22,44.35000
2016-09-23,44.34000
2016-09-26,44.25000
2016-09-27,44.22000
2016-09-28,44.43000
2016-09-29,43.91000
2016-09-30,44.24000
2016-10-03,44.65000
2016-10-04,44.81000
2016-10-05,44.83000
2016-10-06,44.83000
2016-10-07,44.90000
2016-10-10,44.89000
2016-10-13,44.64000
2016-10-14,44.81000
2016-10-17,44.69000
2016-10-18,44.85000
2016-10-19,44.96000
2016-10-20,44.99000
2016-10-21,45.09000
2016-10-24,45.19000
2016-10-25,45.14000
2016-10-26,45.07000
2016-10-27,45.03000
2016-10-28,45.19000
2016-11-01,45.35000
2016-11-02,45.09000
2016-11-03,44.97000
2016-11-04,44.73000
2016-11-07,44.90000
2016-11-08,44.99000
2016-11-09,44.53000
2016-11-10,44.72000
2016-11-11,44.21000
2016-11-15,43.57000
2016-11-16,43.60000
2016-11-17,43.63000
2016-11-18,43.72000
2016-11-21,43.35000
2016-11-22,43.43000
2016-11-23,43.57000
2016-11-24,43.49000
2016-11-25,43.86000
2016-11-28,44.00000
2016-11-29,44.00000
2016-11-30,44.13000
2016-12-01,43.99000
2016-12-02,43.89000
2016-12-05,43.99000
2016-12-06,44.02000
2016-12-07,44.03000
2016-12-08,44.20000
2016-12-09,44.19000
2016-12-12,44.05000
2016-12-13,44.06000
2016-12-14,43.84000
2016-12-15,43.85000
2016-12-16,43.92000
2016-12-19,43.94000
2016-12-20,43.92000
2016-12-21,43.93000
2016-12-22,43.83000
2016-12-23,43.83000
2016-12-26,43.51000
2016-12-27,43.82000
2016-12-28,43.88000
2016-12-29,44.07000
2016-12-30,44.35000
2017-01-02,44.43000
2017-01-03,44.63000
2017-01-04,44.59000
2017-01-05,44.77000
2017-01-06,44.62000
2017-01-09,44.67000
2017-01-10,44.82000
2017-01-11,45.20000
2017-01-12,45.37000
2017-01-13,45.39000
2017-01-16,45.40000
2017-01-17,45.40000
2017-01-18,45.44000
2017-01-19,45.52000
2017-01-20,45.36000
2017-01-23,45.49000
2017-01-24,45.64000
2017-01-25,45.74000
2017-01-27,45.82000
2017-01-30,45.69000
2017-01-31,45.41000
2017-02-01,45.73000
2017-02-02,45.88000
2017-02-03,46.08000
2017-02-06,46.20000
2017-02-07,46.08000
2017-02-08,46.24000
2017-02-09,46.31000
2017-02-10,46.37000
2017-02-13,46.36000
2017-02-14,46.24000
2017-02-15,46.18000
2017-02-16,46.39000
2017-02-17,46.64000
2017-02-20,46.74000
2017-02-21,46.86000
2017-02-22,46.68000
2017-02-23,46.61000
2017-02-27,46.57000
2017-02-28,46.66000
2017-03-01,46.80000
2017-03-02,46.50000
2017-03-03,46.58000
2017-03-06,46.66000
2017-03-07,46.62000
2017-03-08,46.49000
2017-03-09,46.38000
2017-03-10,46.28000
2017-03-14,46.50000
2017-03-15,46.56000
2017-03-16,46.91000
2017-03-17,46.99000
2017-03-20,47.02000
2017-03-21,47.11000
2017-03-22,46.93000
2017-03-23,47.06000
2017-03-24,47.10000
2017-03-27,47.06000
2017-03-28,47.22000
2017-03-29,47.29000
2017-03-30,47.46000
2017-03-31,47.66000
2017-04-03,47.64000
2017-04-05,47.76000
2017-04-06,47.84000
2017-04-07,47.86000
2017-04-10,48.19000
2017-04-11,48.42000
2017-04-12,48.47000
2017-04-13,48.35000
2017-04-17,48.35000
2017-04-18,48.23000
2017-04-19,48.47000
2017-04-20,48.42000
2017-04-21,48.40000
2017-04-24,48.49000
2017-04-25,48.69000
2017-04-26,48.67000
2017-04-27,48.78000
2017-04-28,48.86000
2017-05-02,48.87000
2017-05-03,48.73000
2017-05-04,48.70000
2017-05-05,48.46000
2017-05-08,48.57000
2017-05-09,48.68000
2017-05-10,48.93000
2017-05-11,48.97000
2017-05-12,48.79000
2017-05-15,49.02000
2017-05-16,49.00000
2017-05-17,48.96000
2017-05-18,48.58000
2017-05-19,48.36000
2017-05-22,48.19000
2017-05-23,47.99000
2017-05-24,47.89000
2017-05-25,48.27000
2017-05-26,48.65000
2017-05-29,48.46000
2017-05-30,48.61000
2017-05-31,48.79000
2017-06-01,48.70000
2017-06-02,48.86000
2017-06-05,48.94000
2017-06-06,48.88000
2017-06-07,48.93000
2017-06-08,48.94000
2017-06-09,49.04000
2017-06-12,49.02000
2017-06-13,49.11000
2017-06-14,49.03000
2017-06-15,48.90000
2017-06-16,48.96000
2017-06-19,49.04000
2017-06-20,49.04000
2017-06-21,49.04000
2017-06-22,48.94000
2017-06-23,48.72000
2017-06-27,48.59000
2017-06-28,48.65000
2017-06-29,48.74000
2017-06-30,48.86000
2017-07-03,48.98000
2017-07-04,49.03000
2017-07-05,49.16000
2017-07-06,49.17000
2017-07-07,49.08000
2017-07-10,49.16000
2017-07-11,49.22000
2017-07-12,49.34000
2017-07-13,49.54000
2017-07-14,49.52000
2017-07-17,49.49000
2017-07-18,49.15000
2017-07-19,49.34000
2017-07-20,49.25000
2017-07-21,49.27000
2017-07-24,49.31000
2017-07-25,49.28000
2017-07-26,49.37000
2017-07-27,49.40000
2017-07-28,49.52000
2017-07-31,49.59000
2017-08-01,49.65000
2017-08-02,49.59000
2017-08-03,49.44000
2017-08-04,49.68000
2017-08-07,49.82000
2017-08-08,49.76000
2017-08-09,49.64000
2017-08-10,49.38000
2017-08-11,49.37000
2017-08-14,49.66000
2017-08-16,49.88000
2017-08-17,49.91000
2017-08-18,49.70000
2017-08-21,49.52000
2017-08-22,49.51000
2017-08-23,49.64000
2017-08-24,49.64000
2017-08-28,49.84000
2017-08-29,49.72000
2017-08-30,49.92000
2017-08-31,50.00000
2017-09-01,50.00000
2017-09-04,49.88000
2017-09-05,49.98000
2017-09-06,50.01000
2017-09-07,50.13000
2017-09-08,50.14000
2017-09-11,50.37000
2017-09-12,50.48000
2017-09-13,50.22000
2017-09-14,50.18000
2017-09-15,50.20000
2017-09-18,50.23000
2017-09-19,50.37000
2017-09-20,50.25000
2017-09-21,50.14000
2017-09-22,49.76000
2017-09-25,49.59000
2017-09-26,49.63000
2017-09-27,49.41000
2017-09-28,49.61000
2017-09-29,49.78000
2017-10-03,49.95000
2017-10-04,49.97000
2017-10-05,49.93000
2017-10-06,50.16000
2017-10-09,50.16000
2017-10-10,50.23000
2017-10-11,50.20000
2017-10-12,50.31000
2017-10-13,50.30000
2017-10-16,50.33000
2017-10-17,50.35000
2017-10-18,50.42000
2017-10-23,50.44000
2017-10-24,50.41000
2017-10-25,50.28000
2017-10-26,50.46000
2017-10-27,50.39000
2017-10-30,50.54000
2017-10-31,50.51000
2017-11-01,50.65000
2017-11-02,50.64000
2017-11-03,50.66000
2017-11-06,50.68000
2017-11-07,50.51000
2017-11-08,50.36000
2017-11-09,50.37000
2017-11-10,50.33000
2017-11-13,50.14000
2017-11-14,50.04000
2017-11-15,49.82000
2017-11-16,49.99000
2017-11-17,50.25000
2017-11-20,50.34000
2017-11-21,50.47000
2017-11-22,50.48000
2017-11-23,50.46000
2017-11-24,50.53000
2017-11-27,50.58000
2017-11-28,50.56000
2017-11-29,50.49000
2017-11-30,50.31000
2017-12-01,50.15000
2017-12-04,50.21000
2017-12-05,50.16000
2017-12-06,50.01000
2017-12-07,50.31000
2017-12-08,50.58000
2017-12-11,50.68000
2017-12-12,50.56000
2017-12-13,50.42000
2017-12-14,50.50000
2017-12-15,50.63000
2017-12-18,50.74000
2017-12-19,50.96000
2017-12-20,50.90000
2017-12-21,50.95000
2017-12-22,51.06000
2017-12-26,51.10000
2017-12-27,50.97000
2017-12-28,50.98000
2017-12-29,51.10000
2018-01-01,50.97000
2018-01-02,50.97000
2018-01-03,50.98000
2018-01-04,51.15000
2018-01-05,51.35000
2018-01-08,51.47000
2018-01-09,51.47000
2018-01-10,51.41000
2018-01-11,51.45000
2018-01-12,51.43000
2018-01-15,51.47000
2018-01-16,51.18000
2018-01-17,51.39000
2018-01-18,51.16000
2018-01-19,51.29000
2018-01-22,51.25000
2018-01-23,51.48000
2018-01-24,51.45000
2018-01-25,51.29000
2018-01-29,51.23000
2018-01-30,51.07000
2018-01-31,50.94000
2018-02-01,50.90000
2018-02-02,50.52000
2018-02-05,50.45000
2018-02-06,50.18000
2018-02-07,50.34000
2018-02-08,50.42000
2018-02-09,50.30000
2018-02-12,50.46000
2018-02-14,50.36000
2018-02-15,50.28000
2018-02-16,50.15000
2018-02-19,50.01000
2018-02-20,50.03000
2018-02-21,49.97000
2018-02-22,49.81000
2018-02-23,50.07000
2018-02-26,50.21000
2018-02-27,50.13000
2018-02-28,50.08000
2018-03-01,50.05000
2018-03-05,49.85000
2018-03-06,49.71000
2018-03-07,49.54000
2018-03-08,49.64000
2018-03-09,49.58000
2018-03-12,49.88000
2018-03-13,50.04000
2018-03-14,49.99000
2018-03-15,50.00000
2018-03-16,49.71000
2018-03-19,49.43000
2018-03-20,49.54000
2018-03-21,49.63000
2018-03-22,49.52000
2018-03-23,49.31000
2018-03-26,49.54000
2018-03-27,49.85000
2018-03-28,49.74000
2018-04-02,49.97000
2018-04-03,50.10000
2018-04-04,49.96000
2018-04-05,50.30000
2018-04-06,50.39000
2018-04-09,50.45000
2018-04-10,50.46000
2018-04-11,50.45000
2018-04-12,50.52000
2018-04-13,50.49000
2018-04-16,50.54000
2018-04-17,50.60000
2018-04-18,50.57000
2018-04-19,50.66000
2018-04-20,50.65000
2018-04-23,50.67000
2018-04-24,50.60000
2018-04-25,50.48000
2018-04-26,50.56000
2018-04-27,50.61000
2018-04-30,50.76000
2018-05-02,50.67000
2018-05-03,50.50000
2018-05-04,50.36000
2018-05-07,50.47000
2018-05-08,50.51000
2018-05-09,50.47000
2018-05-10,50.40000
2018-05-11,50.57000
2018-05-14,50.53000
2018-05-15,50.52000
2018-05-16,50.42000
2018-05-17,50.33000
2018-05-18,50.18000
2018-05-21,49.87000
2018-05-22,49.94000
2018-05-23,49.78000
2018-05-24,49.82000
2018-05-25,50.11000
2018-05-28,50.36000
2018-05-29,50.30000
2018-05-30,50.19000
2018-05-31,50.29000
2018-06-01,50.14000
2018-06-04,50.00000
2018-06-05,49.86000
2018-06-06,50.05000
2018-06-07,50.23000
2018-06-08,50.23000
2018-06-11,50.25000
2018-06-12,50.27000
2018-06-13,50.18000
2018-06-14,50.12000
2018-06-15,50.03000
2018-06-18,49.99000
2018-06-19,49.80000
2018-06-20,49.90000
2018-06-21,49.84000
2018-06-22,49.98000
2018-06-25,49.89000
2018-06-26,49.91000
2018-06-27,49.70000
2018-06-28,49.47000
2018-06-29,49.80000
2018-07-02,49.63000
2018-07-03,49.74000
2018-07-04,49.81000
2018-07-05,49.82000
2018-07-06,49.86000
2018-07-09,50.06000
2018-07-10,50.37000
2018-07-11,50.25000
2018-07-12,50.31000
2018-07-13,50.15000
2018-07-16,49.86000
2018-07-17,50.07000
2018-07-18,49.99000
2018-07-19,49.91000
2018-07-20,50.07000
2018-07-23,50.32000
2018-07-24,50.55000
2018-07-25,50.54000
2018-07-26,50.55000
2018-07-27,50.91000
2018-07-30,50.89000
2018-07-31,51.01000
2018-08-01,51.04000
2018-08-02,50.93000
2018-08-03,51.13000
2018-08-06,51.32000
2018-08-07,51.43000
2018-08-08,51.46000
2018-08-09,51.53000
2018-08-10,51.47000
2018-08-13,51.24000
2018-08-14,51.41000
2018-08-16,51.30000
2018-08-17,51.51000
2018-08-20,51.60000
2018-08-21,51.61000
2018-08-23,51.66000
2018-08-24,51.52000
2018-08-27,51.78000
2018-08-28,51.85000
2018-08-29,51.78000
2018-08-30,51.79000
2018-08-31,51.88000
2018-09-03,51.76000
2018-09-04,51.47000
2018-09-05,51.39000
2018-09-06,51.42000
2018-09-07,51.58000
2018-09-10,51.31000
2018-09-11,51.03000
2018-09-12,51.15000
2018-09-14,51.34000
2018-09-17,51.15000
2018-09-18,51.02000
2018-09-19,50.89000
2018-09-21,50.66000
2018-09-24,50.30000
2018-09-25,50.43000
2018-09-26,50.44000
2018-09-27,50.33000
2018-09-28,50.29000
2018-10-01,50.38000
2018-10-03,50.27000
2018-10-04,49.96000
2018-10-05,49.69000
2018-10-08,49.52000
2018-10-09,49.53000
2018-10-10,49.89000
2018-10-11,49.56000
2018-10-12,50.09000
2018-10-15,50.24000
2018-10-16,50.37000
2018-10-17,50.19000
2018-10-19,50.01000
2018-10-22,49.97000
2018-10-23,49.80000
2018-10-24,49.88000
2018-10-25,49.80000
2018-10-26,49.69000
2018-10-29,49.97000
2018-10-30,49.96000
2018-10-31,50.31000
2018-11-01,50.33000
2018-11-02,50.68000
2018-11-05,50.64000
2018-11-06,50.57000
2018-11-09,50.77000
2018-11-12,50.52000
2018-11-13,50.66000
2018-11-14,50.71000
2018-11-15,50.80000
2018-11-16,50.85000
2018-11-19,51.00000
2018-11-20,50.75000
2018-11-21,50.68000
2018-11-22,50.49000
2018-11-26,50.72000
2018-11-27,50.81000
2018-11-28,50.80000
2018-11-29,51.11000
2018-11-30,51.20000
2018-12-03,51.25000
2018-12-04,51.16000
2018-12-05,50.88000
2018-12-06,50.52000
2018-12-07,50.70000
2018-12-10,50.26000
2018-12-11,50.41000
2018-12-12,50.99000
2018-12-13,51.16000
2018-12-14,51.19000
2018-12-17,51.39000
2018-12-18,51.46000
2018-12-19,51.68000
2018-12-20,51.64000
2018-12-21,51.22000
2018-12-24,50.97000
2018-12-26,51.08000
2018-12-27,51.21000
2018-12-28,51.44000
2018-12-31,51.48000
2019-01-01,51.55000
2019-01-02,51.24000
2019-01-03,50.98000
2019-01-04,51.10000
2019-01-07,51.19000
2019-01-08,51.24000
2019-01-09,51.35000
2019-01-10,51.33000
2019-01-11,51.32000
2019-01-14,51.16000
2019-01-15,51.40000
2019-01-16,51.37000
2019-01-17,51.43000
2019-01-18,51.29000
2019-01-21,51.21000
2019-01-22,51.09000
2019-01-23,50.84000
2019-01-24,50.80000
2019-01-25,50.59000
2019-01-28,50.33000
2019-01-29,50.31000
2019-01-30,50.47000
2019-01-31,50.76000
2019-02-01,50.86000
2019-02-04,50.76000
2019-02-05,50.76000
2019-02-06,50.99000
2019-02-07,51.11000
2019-02-08,50.77000
2019-02-11,50.55000
2019-02-12,50.39000
2019-02-13,50.30000
2019-02-14,50.21000
2019-02-15,50.04000
2019-02-18,49.90000
2019-02-19,49.89000
2019-02-20,50.12000
2019-02-21,50.25000
2019-02-22,50.33000
2019-02-25,50.56000
2019-02-26,50.47000
2019-02-27,50.46000
2019-02-28,50.57000
2019-03-01,50.87000
2019-03-05,51.32000
2019-03-06,51.50000
2019-03-07,51.41000
2019-03-08,51.40000
2019-03-11,51.81000
2019-03-12,52.07000
2019-03-13,52.10000
2019-03-14,52.15000
2019-03-15,52.37000
2019-03-18,52.37000
2019-03-19,52.52000
2019-03-20,52.44000
2019-03-22,52.42000
2019-03-25,52.26000
2019-03-26,52.55000
2019-03-27,52.56000
2019-03-28,52.72000
2019-03-29,52.98000
2019-04-02,53.06000
2019-04-03,52.90000
2019-04-04,52.81000
2019-04-05,52.95000
2019-04-08,52.85000
2019-04-09,52.94000
2019-04-10,52.74000
2019-04-11,52.80000
2019-04-12,52.89000
2019-04-15,53.10000
2019-04-16,53.32000
2019-04-18,53.10000
2019-04-22,52.72000
2019-04-23,52.65000
2019-04-24,52.83000
2019-04-25,52.68000
2019-04-26,52.83000
2019-04-30,52.83000
2019-05-02,52.74000
2019-05-03,52.77000
2019-05-06,52.52000
2019-05-07,52.39000
2019-05-08,52.14000
2019-05-09,52.06000
2019-05-10,51.99000
2019-05-13,51.63000
2019-05-14,51.71000
2019-05-15,51.57000
2019-05-16,51.68000
2019-05-17,52.02000
2019-05-20,53.12000
2019-05-21,52.79000
2019-05-22,52.90000
2019-05-23,52.88000
2019-05-24,53.43000
2019-05-27,53.87000
2019-05-28,53.89000
2019-05-29,53.74000
2019-05-30,53.87000
2019-05-31,53.77000
2019-06-03,54.09000
2019-06-04,53.95000
2019-06-06,53.55000
2019-06-07,53.62000
2019-06-10,53.71000
2019-06-11,53.87000
2019-06-12,53.68000
2019-06-13,53.73000
2019-06-14,53.47000
2019-06-17,53.12000
2019-06-18,53.20000
2019-06-19,53.16000
2019-06-20,53.48000
2019-06-21,53.33000
2019-06-24,53.29000
2019-06-25,53.51000
2019-06-26,53.73000
2019-06-27,53.75000
2019-06-28,53.64000
2019-07-01,53.77000
2019-07-02,53.86000
2019-07-03,53.96000
2019-07-04,54.02000
2019-07-05,53.68000
2019-07-08,53.05000
2019-07-09,53.04000
2019-07-10,52.96000
2019-07-11,53.17000
2019-07-12,53.17000
2019-07-15,53.15000
2019-07-16,53.32000
2019-07-17,53.41000
2019-07-18,53.18000
2019-07-19,52.85000
2019-07-22,52.64000
2019-07-23,52.66000
2019-07-24,52.47000
2019-07-25,52.44000
2019-07-26,52.54000
2019-07-29,52.33000
2019-07-30,52.07000
2019-07-31,52.23000
2019-08-01,51.92000
2019-08-02,51.87000
2019-08-05,51.56000
2019-08-06,51.91000
2019-08-07,51.78000
2019-08-08,52.12000
2019-08-09,52.35000
2019-08-13,51.79000
2019-08-14,52.05000
2019-08-16,52.13000
2019-08-19,52.10000
2019-08-20,51.95000
2019-08-21,51.70000
2019-08-22,51.20000
2019-08-23,51.39000
2019-08-26,51.99000
2019-08-27,52.30000
2019-08-28,52.11000
2019-08-29,51.91000
2019-08-30,52.14000
2019-09-03,51.65000
2019-09-04,51.79000
2019-09-05,51.86000
2019-09-06,52.12000
2019-09-09,52.33000
2019-09-11,52.40000
2019-09-12,52.40000
2019-09-13,52.67000
2019-09-16,52.52000
2019-09-17,51.99000
2019-09-18,52.08000
2019-09-19,51.81000
2019-09-20,53.39000
2019-09-23,54.50000
2019-09-24,54.29000
2019-09-25,53.68000
2019-09-26,54.21000
2019-09-27,54.00000
2019-09-30,53.74000
2019-10-01,53.46000
2019-10-03,53.19000
2019-10-04,52.76000
2019-10-07,52.58000
2019-10-09,53.14000
2019-10-10,52.81000
2019-10-11,52.99000
2019-10-14,53.28000
2019-10-15,53.45000
2019-10-16,53.55000
2019-10-17,53.91000
2019-10-18,54.27000
2019-10-22,54.15000
2019-10-23,54.20000
2019-10-24,54.10000
2019-10-25,54.11000
2019-10-29,54.71000
2019-10-30,54.94000
2019-10-31,55.03000
2019-11-01,55.12000
2019-11-04,55.27000
2019-11-05,55.10000
2019-11-06,55.18000
2019-11-07,55.27000
2019-11-08,55.07000
2019-11-11,55.13000
2019-11-13,54.90000
2019-11-14,54.99000
2019-11-15,54.99000
2019-11-18,55.03000
2019-11-19,55.14000
2019-11-20,55.27000
2019-11-21,55.20000
2019-11-22,55.05000
2019-11-25,55.36000
2019-11-26,55.24000
2019-11-27,55.31000
2019-11-28,55.41000
2019-11-29,55.31000
2019-12-02,55.25000
2019-12-03,55.16000
2019-12-04,55.24000
2019-12-05,55.12000
2019-12-06,54.88000
2019-12-09,54.82000
2019-12-10,54.57000
2019-12-11,54.64000
2019-12-12,54.78000
2019-12-13,55.07000
2019-12-16,55.02000
2019-12-17,55.33000
2019-12-18,55.49000
2019-12-19,55.55000
2019-12-20,55.62000
2019-12-23,55.59000
2019-12-24,55.51000
2019-12-26,55.34000
2019-12-27,55.64000
2019-12-30,55.73000
2019-12-31,55.66000
2020-01-01,55.74000
2020-01-02,56.05000
2020-01-03,55.91000
2020-01-06,55.29000
2020-01-07,55.50000
2020-01-08,55.43000
2020-01-09,55.85000
2020-01-10,56.04000
2020-01-13,56.35000
2020-01-14,56.43000
2020-01-15,56.60000
2020-01-16,56.64000
2020-01-17,56.72000
2020-01-20,56.45000
2020-01-21,56.30000
2020-01-22,56.10000
2020-01-23,56.37000
2020-01-24,56.58000
2020-01-27,56.33000
2020-01-28,56.26000
2020-01-29,56.43000
2020-01-30,56.15000
2020-01-31,55.90000
2020-02-03,55.29000
2020-02-04,55.91000
2020-02-05,56.10000
2020-02-06,56.18000
2020-02-07,56.31000
2020-02-10,56.02000
2020-02-11,56.16000
2020-02-12,56.43000
2020-02-13,56.31000
2020-02-14,56.06000
2020-02-17,55.74000
2020-02-18,55.70000
2020-02-19,56.04000
2020-02-20,56.01000
2020-02-24,55.43000
2020-02-25,55.40000
2020-02-26,55.16000
2020-02-27,55.05000
2020-02-28,54.15000
2020-03-02,54.01000
2020-03-03,54.57000
2020-03-04,54.30000
2020-03-05,54.30000
2020-03-06,53.66000
2020-03-09,52.19000
2020-03-11,52.24000
2020-03-12,49.53000
2020-03-13,50.53000
2020-03-16,48.18000
2020-03-17,47.49000
2020-03-18,45.70000
2020-03-19,44.90000
2020-03-20,46.29000
2020-03-23,41.70000
2020-03-24,42.11000
2020-03-25,44.01000
2020-03-26,45.59000
2020-03-27,45.77000
2020-03-30,44.60000
2020-03-31,45.63000
2020-04-01,44.60000
2020-04-03,44.03000
2020-04-07,46.55000
2020-04-08,46.72000
2020-04-09,48.28000
2020-04-13,47.76000
2020-04-15,47.62000
2020-04-16,48.08000
2020-04-17,49.17000
2020-04-20,49.11000
2020-04-21,48.00000
2020-04-22,48.43000
2020-04-23,48.85000
2020-04-24,47.82000
2020-04-27,48.32000
2020-04-28,48.60000
2020-04-29,49.21000
2020-04-30,50.27000
2020-05-04,48.27000
2020-05-05,47.93000
2020-05-06,48.29000
2020-05-07,47.99000
2020-05-08,48.03000
2020-05-11,48.03000
2020-05-12,48.05000
2020-05-13,48.72000
2020-05-14,48.09000
2020-05-15,47.99000
2020-05-18,46.49000
2020-05-19,46.75000
2020-05-20,47.31000
2020-05-21,47.44000
2020-05-22,47.18000
2020-05-26,47.31000
2020-05-27,48.19000
2020-05-28,48.93000
2020-05-29,49.53000
2020-06-01,50.47000
2020-06-02,51.08000
2020-06-03,51.41000
2020-06-04,51.22000
2020-06-05,51.72000
2020-06-08,51.84000
2020-06-09,51.44000
2020-06-10,51.59000
2020-06-11,50.94000
2020-06-12,51.20000
2020-06-15,50.51000
2020-06-16,50.77000
2020-06-17,50.78000
2020-06-18,51.52000
2020-06-19,52.10000
2020-06-22,52.66000
2020-06-23,53.50000
2020-06-24,52.69000
2020-06-25,52.78000
2020-06-26,52.97000
2020-06-29,52.66000
2020-06-30,52.70000
2020-07-01,53.08000
2020-07-02,53.36000
2020-07-03,53.58000
2020-07-06,53.94000
2020-07-07,54.05000
2020-07-08,53.82000
2020-07-09,54.11000
2020-07-10,53.95000
2020-07-13,54.12000
2020-07-14,53.55000
2020-07-15,53.57000
2020-07-16,53.84000
2020-07-17,54.27000
2020-07-20,54.56000
2020-07-21,54.83000
2020-07-22,54.85000
2020-07-23,55.09000
2020-07-24,54.89000
2020-07-27,54.52000
2020-07-28,55.04000
2020-07-29,54.92000
2020-07-30,54.60000
2020-07-31,54.66000
2020-08-03,54.25000
2020-08-04,54.66000
2020-08-05,54.76000
2020-08-06,55.10000
2020-08-07,55.15000
2020-08-10,55.57000
2020-08-11,55.69000
2020-08-12,55.68000
2020-08-13,55.71000
2020-08-14,55.31000
2020-08-17,55.66000
2020-08-18,56.11000
2020-08-19,56.18000
2020-08-20,56.08000
2020-08-21,56.37000
2020-08-24,56.66000
2020-08-25,56.63000
2020-08-26,56.85000
2020-08-27,56.91000
2020-08-28,57.32000
2020-08-31,56.11000
2020-09-01,56.41000
2020-09-02,56.75000
2020-09-03,56.67000
2020-09-04,55.90000
2020-09-07,55.78000
2020-09-08,55.51000
2020-09-09,55.31000
2020-09-10,55.66000
2020-09-11,55.68000
2020-09-14,55.87000
2020-09-15,56.29000
2020-09-16,56.46000
2020-09-17,56.18000
2020-09-18,56.21000
2020-09-21,55.21000
2020-09-22,54.91000
2020-09-23,54.65000
2020-09-24,53.52000
2020-09-25,54.44000
2020-09-28,55.18000
2020-09-29,54.97000
2020-09-30,55.10000
2020-10-01,55.65000
2020-10-05,55.97000
2020-10-06,56.44000
2020-10-07,56.51000
2020-10-08,56.83000
2020-10-09,57.08000
2020-10-12,57.15000
2020-10-13,57.13000
2020-10-14,57.18000
2020-10-15,56.29000
2020-10-16,56.56000
2020-10-19,56.88000
2020-10-20,57.00000
2020-10-21,57.16000
2020-10-22,57.11000
2020-10-23,57.18000
2020-10-26,56.60000
2020-10-27,57.03000
2020-10-28,56.57000
2020-10-29,56.38000
2020-10-30,56.27000
2020-11-02,56.64000
2020-11-03,57.00000
2020-11-04,57.24000
2020-11-05,57.92000
2020-11-06,58.22000
2020-11-09,58.86000
2020-11-10,59.19000
2020-11-11,59.80000
2020-11-12,59.77000
2020-11-13,59.99000
2020-11-17,60.56000
2020-11-18,60.86000
2020-11-19,60.45000
2020-11-20,61.18000
2020-11-23,61.61000
2020-11-24,62.02000
2020-11-25,61.42000
2020-11-26,61.75000
2020-11-27,61.96000
2020-12-01,62.35000
2020-12-02,62.36000
2020-12-03,62.45000
2020-12-04,62.64000
2020-12-07,62.95000
2020-12-08,62.91000
2020-12-09,63.11000
2020-12-10,62.91000
2020-12-11,63.15000
2020-12-14,63.30000
2020-12-15,63.44000
2020-12-16,63.66000
2020-12-17,63.71000
2020-12-18,63.72000
2020-12-21,62.70000
2020-12-22,63.02000
2020-12-23,63.35000
2020-12-24,63.60000
2020-12-28,63.87000
2020-12-29,64.01000
2020-12-30,64.19000
2020-12-31,64.21000
2021-01-01,64.22000
2021-01-04,64.50000
2021-01-05,64.64000
2021-01-06,64.50000
2021-01-07,64.54000
2021-01-08,64.90000
2021-01-11,65.11000
2021-01-12,65.19000
2021-01-13,65.16000
2021-01-14,65.17000
2021-01-15,64.92000
2021-01-18,64.56000
2021-01-19,64.93000
2021-01-20,65.13000
2021-01-21,64.94000
2021-01-22,64.66000
2021-01-25,64.38000
2021-01-27,63.97000
2021-01-28,63.76000
2021-01-29,63.44000
2021-02-01,64.32000
2021-02-02,64.94000
2021-02-03,65.34000
2021-02-04,65.67000
2021-02-05,65.67000
2021-02-08,65.99000
2021-02-09,65.92000
2021-02-10,65.83000
2021-02-11,66.07000
2021-02-12,65.94000
2021-02-15,66.17000
2021-02-16,66.17000
2021-02-17,66.08000
2021-02-18,66.06000
2021-02-19,65.79000
2021-02-22,65.32000
2021-02-23,65.35000
2021-02-24,65.78000
2021-02-25,65.98000
2021-02-26,65.27000
2021-03-01,65.57000
2021-03-02,65.91000
2021-03-03,66.36000
2021-03-04,66.26000
2021-03-05,65.93000
2021-03-08,65.97000
2021-03-09,66.02000
2021-03-10,66.19000
2021-03-12,66.00000
2021-03-15,65.91000
2021-03-16,65.91000
2021-03-17,65.42000
2021-03-18,65.12000
2021-03-19,65.37000
2021-03-22,65.45000
2021-03-23,65.51000
2021-03-24,65.00000
2021-03-25,64.63000
2021-03-26,65.07000
2021-03-30,65.68000
2021-03-31,65.50000
2021-04-01,65.95000
2021-04-05,65.60000
2021-04-06,65.60000
2021-04-07,65.93000
2021-04-08,66.15000
2021-04-09,66.06000
2021-04-12,64.93000
2021-04-13,65.34000
2021-04-15,65.43000
2021-04-16,65.62000
2021-04-19,65.18000
2021-04-20,65.13000
2021-04-22,65.37000
2021-04-23,65.33000
2021-04-26,65.56000
2021-04-27,65.99000
2021-04-28,66.46000
2021-04-29,66.57000
2021-04-30,66.28000
2021-05-03,66.34000
2021-05-04,66.17000
2021-05-05,66.38000
2021-05-06,66.55000
2021-05-07,66.80000
2021-05-10,67.11000
2021-05-11,67.17000
2021-05-12,66.99000
2021-05-14,66.66000
2021-05-17,67.10000
2021-05-18,67.61000
2021-05-19,67.52000
2021-05-20,67.34000
2021-05-21,67.78000
2021-05-24,67.98000
2021-05-25,68.03000
2021-05-26,68.20000
2021-05-27,68.32000
2021-05-28,68.38000
2021-05-31,68.74000
2021-06-01,68.61000
2021-06-02,68.77000
2021-06-03,68.99000
2021-06-04,69.02000
2021-06-07,69.31000
2021-06-08,69.31000
2021-06-09,69.09000
2021-06-10,69.54000
2021-06-11,69.71000
2021-06-14,69.72000
2021-06-15,69.82000
2021-06-16,69.63000
2021-06-17,69.42000
2021-06-18,69.26000
2021-06-21,69.40000
2021-06-22,69.45000
2021-06-23,69.36000
2021-06-24,69.51000
2021-06-25,69.78000
2021-06-28,69.73000
2021-06-29,69.63000
2021-06-30,69.61000
2021-07-01,69.56000
2021-07-02,69.73000
2021-07-05,70.00000
2021-07-06,70.07000
2021-07-07,70.21000
2021-07-08,69.99000
2021-07-09,70.04000
2021-07-12,70.05000
2021-07-13,70.31000
2021-07-14,70.56000
2021-07-15,70.66000
2021-07-16,70.74000
2021-07-19,70.57000
2021-07-20,70.18000
2021-07-22,70.63000
2021-07-23,70.72000
2021-07-26,70.69000
2021-07-27,70.66000
2021-07-28,70.65000
2021-07-29,71.02000
2021-07-30,70.98000
2021-08-02,71.14000
2021-08-03,71.39000
2021-08-04,71.55000
2021-08-05,71.54000
2021-08-06,71.38000
2021-08-09,71.32000
2021-08-10,71.20000
2021-08-11,71.19000
2021-08-12,71.45000
2021-08-13,71.72000
2021-08-16,71.71000
2021-08-17,71.77000
2021-08-18,71.68000
2021-08-20,71.11000
2021-08-23,71.10000
2021-08-24,71.45000
2021-08-25,71.45000
2021-08-26,71.43000
2021-08-27,71.63000
2021-08-30,72.11000
2021-08-31,72.46000
2021-09-01,72.43000
2021-09-02,72.64000
2021-09-03,72.75000
2021-09-06,72.81000
2021-09-07,72.78000
2021-09-08,72.82000
2021-09-09,72.87000
2021-09-13,72.93000
2021-09-14,73.04000
2021-09-15,73.35000
2021-09-16,73.54000
2021-09-17,73.43000
2021-09-20,72.95000
2021-09-21,73.17000
2021-09-22,73.24000
2021-09-23,73.69000
2021-09-24,73.68000
2021-09-27,73.54000
2021-09-28,73.27000
2021-09-29,73.33000
2021-09-30,73.27000
2021-10-01,73.20000
2021-10-04,73.51000
2021-10-05,73.72000
2021-10-06,73.43000
2021-10-07,73.59000
2021-10-08,73.73000
2021-10-11,73.92000
2021-10-12,73.93000
2021-10-13,74.18000
2021-10-14,74.47000
2021-10-18,74.70000
2021-10-19,74.63000
2021-10-20,74.35000
2021-10-21,74.32000
2021-10-22,74.19000
2021-10-25,74.16000
2021-10-26,74.43000
2021-10-27,74.34000
2021-10-28,73.78000
2021-10-29,73.58000
2021-11-01,74.01000
2021-11-02,74.02000
2021-11-03,73.95000
2021-11-08,74.31000
2021-11-09,74.32000
2021-11-10,74.28000
2021-11-11,74.03000
2021-11-12,74.29000
2021-11-15,74.19000
2021-11-16,74.04000
2021-11-17,73.91000
2021-11-18,73.62000
2021-11-22,72.98000
2021-11-23,73.23000
2021-11-24,73.14000
2021-11-25,73.23000
2021-11-26,72.38000
2021-11-29,72.33000
2021-11-30,72.24000
2021-12-01,72.49000
2021-12-02,72.84000
2021-12-03,72.62000
2021-12-06,72.17000
2021-12-07,72.54000
2021-12-08,73.04000
2021-12-09,73.12000
2021-12-10,73.13000
2021-12-13,72.91000
2021-12-14,72.84000
2021-12-15,72.64000
2021-12-16,72.63000
2021-12-17,72.11000
2021-12-20,71.22000
2021-12-21,71.57000
2021-12-22,71.98000
2021-12-23,72.22000
2021-12-24,72.11000
2021-12-27,72.21000
2021-12-28,72.54000
2021-12-29,72.51000
2021-12-30,72.48000
2021-12-31,72.82000
2022-01-03,73.38000
2022-01-04,73.63000
2022-01-05,73.88000
2022-01-06,73.62000
2022-01-07,73.69000
2022-01-10,74.00000
2022-01-11,74.07000
2022-01-12,74.36000
2022-01-13,74.45000
2022-01-14,74.45000
2022-01-17,74.50000
2022-01-18,74.04000
2022-01-19,73.77000
2022-01-20,73.46000
2022-01-21,73.07000
2022-01-24,72.08000
2022-01-25,72.38000
2022-01-27,72.05000
2022-01-28,72.08000
2022-01-31,72.57000
2022-02-01,73.02000
2022-02-02,73.46000
2022-02-03,73.11000
2022-02-04,73.03000
2022-02-07,72.47000
2022-02-08,72.49000
2022-02-09,72.94000
2022-02-10,73.18000
2022-02-11,72.75000
2022-02-14,71.57000
2022-02-15,72.47000
2022-02-16,72.38000
2022-02-17,72.27000
2022-02-18,72.19000
2022-02-21,72.01000
2022-02-22,71.77000
2022-02-23,71.74000
2022-02-24,70.11000
2022-02-25,71.07000
2022-02-28,71.27000
2022-03-02,70.90000
2022-03-03,70.70000
2022-03-04,70.25000
2022-03-07,69.39000
2022-03-08,69.71000
2022-03-09,70.30000
2022-03-10,70.77000
2022-03-11,70.85000
2022-03-14,71.22000
2022-03-15,70.89000
2022-03-16,71.49000
2022-03-17,72.08000
2022-03-21,71.73000
2022-03-22,72.06000
2022-03-23,71.98000
2022-03-24,71.92000
2022-03-25,71.79000
2022-03-28,71.87000
2022-03-29,72.01000
2022-03-30,72.39000
2022-03-31,72.34000
2022-04-01,72.83000
2022-04-04,73.65000
2022-04-05,73.62000
2022-04-06,73.40000
2022-04-07,73.14000
2022-04-08,73.36000
2022-04-11,73.22000
2022-04-12,72.91000
2022-04-13,72.84000
2022-04-18,72.40000
2022-04-19,71.99000
2022-04-20,72.14000
2022-04-21,72.53000
2022-04-22,72.18000
2022-04-25,71.72000
2022-04-26,72.09000
2022-04-27,71.75000
2022-04-28,72.13000
2022-04-29,71.87000
2022-05-02,71.84000
2022-05-04,71.07000
2022-05-05,71.08000
2022-05-06,70.60000
2022-05-09,70.37000
2022-05-10,70.16000
2022-05-11,69.97000
2022-05-12,69.37000
2022-05-13,69.31000
2022-05-16,69.47000
2022-05-17,70.23000
2022-05-18,70.13000
2022-05-19,69.39000
2022-05-20,70.15000
2022-05-23,70.06000
2022-05-24,69.85000
2022-05-25,69.66000
2022-05-26,70.03000
2022-05-27,70.48000
2022-05-30,71.12000
2022-05-31,71.06000
2022-06-01,70.97000
2022-06-02,71.10000
2022-06-03,70.87000
2022-06-06,70.74000
2022-06-07,70.47000
2022-06-08,70.38000
2022-06-09,70.59000
2022-06-10,70.17000
2022-06-13,69.29000
2022-06-14,69.18000
2022-06-15,69.21000
2022-06-16,68.53000
2022-06-17,68.36000
2022-06-20,68.40000
2022-06-21,69.03000
2022-06-22,68.64000
2022-06-23,68.93000
2022-06-24,69.22000
2022-06-27,69.55000
2022-06-28,69.62000
2022-06-29,69.48000
2022-06-30,69.48000
2022-07-01,69.58000
2022-07-04,69.81000
2022-07-05,69.77000
2022-07-06,70.15000
2022-07-07,70.49000
2022-07-08,70.66000
2022-07-11,70.69000
2022-07-12,70.55000
2022-07-13,70.40000
2022-07-14,70.31000
2022-07-15,70.48000
2022-07-18,70.98000
2022-07-19,71.15000
2022-07-20,71.46000
2022-07-21,71.70000
2022-07-22,71.90000
2022-07-25,71.79000
2022-07-26,71.47000
2022-07-27,71.75000
2022-07-28,72.25000
2022-07-29,72.72000
2022-08-01,73.13000
2022-08-02,73.13000
2022-08-03,73.14000
2022-08-04,73.10000
2022-08-05,73.17000
2022-08-08,73.44000
2022-08-10,73.47000
2022-08-11,73.81000
2022-08-12,73.95000
2022-08-16,74.29000
2022-08-17,74.59000
2022-08-18,74.71000
2022-08-19,74.28000
2022-08-22,73.66000
2022-08-23,73.87000
2022-08-24,73.98000
2022-08-25,73.94000
2022-08-26,74.04000
2022-08-29,73.51000
2022-08-30,74.46000
2022-09-01,74.15000
2022-09-02,74.16000
2022-09-05,74.40000
2022-09-06,74.44000
2022-09-07,74.52000
2022-09-08,74.96000
2022-09-09,75.04000
2022-09-12,75.32000
2022-09-13,75.62000
2022-09-14,75.64000
2022-09-15,75.45000
2022-09-16,74.57000
2022-09-19,74.79000
2022-09-20,75.26000
2022-09-21,75.00000
2022-09-22,74.75000
2022-09-23,74.11000
2022-09-26,73.35000
2022-09-27,73.28000
2022-09-28,73.01000
2022-09-29,73.08000
2022-09-30,73.57000
2022-10-03,73.16000
2022-10-04,73.90000
2022-10-06,74.13000
2022-10-07,74.03000
2022-10-10,73.91000
2022-10-11,73.34000
2022-10-12,73.62000
2022-10-13,73.34000
2022-10-14,73.66000
2022-10-17,73.94000
2022-10-18,74.28000
2022-10-19,74.30000
2022-10-20,74.41000
2022-10-21,74.49000
2022-10-25,74.83000
2022-10-27,74.98000
2022-10-28,74.88000
2022-10-31,75.36000
2022-11-01,75.65000
2022-11-02,75.55000
2022-11-03,75.51000
2022-11-04,75.51000
2022-11-07,75.78000
2022-11-09,75.64000
2022-11-10,75.39000
2022-11-11,75.97000
2022-11-14,76.01000
2022-11-15,76.15000
2022-11-16,76.12000
2022-11-17,75.94000
2022-11-18,75.84000
2022-11-21,75.63000
2022-11-22,75.75000
2022-11-23,75.88000
2022-11-24,76.33000
2022-11-25,76.46000
2022-11-28,76.60000
2022-11-29,76.73000
2022-11-30,77.00000
2022-12-01,77.16000
2022-12-02,77.10000
2022-12-05,77.14000
2022-12-06,76.91000
2022-12-07,76.78000
2022-12-08,76.94000
2022-12-09,76.72000
2022-12-12,76.74000
2022-12-13,76.95000
2022-12-14,77.16000
2022-12-15,76.76000
2022-12-16,76.37000
2022-12-19,76.64000
2022-12-20,76.51000
2022-12-21,76.08000
2022-12-22,75.89000
2022-12-23,75.10000
2022-12-26,75.67000
2022-12-27,75.89000
2022-12-28,75.86000
2022-12-29,76.01000
2022-12-30,75.87000
2023-01-02,76.09000
2023-01-03,76.20000
2023-01-04,75.87000
2023-01-05,75.90000
2023-01-06,75.63000
2023-01-09,76.01000
2023-01-10,75.75000
2023-01-11,75.73000
2023-01-12,75.73000
2023-01-13,75.85000
2023-01-16,75.74000
2023-01-17,75.87000
2023-01-18,76.06000
2023-01-19,76.01000
2023-01-20,75.88000
2023-01-23,76.06000
2023-01-24,76.05000
2023-01-25,75.52000
2023-01-27,74.94000
2023-01-30,74.96000
2023-01-31,75.16000
2023-02-01,74.86000
2023-02-02,75.01000
2023-02-03,75.33000
2023-02-06,75.42000
2023-02-07,75.26000
2023-02-08,75.58000
2023-02-09,75.59000
2023-02-10,75.63000
2023-02-13,75.31000
2023-02-14,75.46000
2023-02-15,75.71000
2023-02-16,75.77000
2023-02-17,75.53000
2023-02-20,75.48000
2023-02-21,75.43000
2023-02-22,74.93000
2023-02-23,74.88000
2023-02-24,74.79000
2023-02-27,74.62000
2023-02-28,74.55000
2023-03-01,74.89000
2023-03-02,74.69000
2023-03-03,75.27000
2023-03-06,75.50000
2023-03-08,75.60000
2023-03-09,75.28000
2023-03-10,74.94000
2023-03-13,74.33000
2023-03-14,74.09000
2023-03-15,73.93000
2023-03-16,73.95000
2023-03-17,74.22000
2023-03-20,73.95000
2023-03-21,74.26000
2023-03-22,74.40000
2023-03-23,74.27000
2023-03-24,73.93000
2023-03-27,73.88000
2023-03-28,73.69000
2023-03-29,74.07000
2023-03-31,74.71000
2023-04-03,74.88000
2023-04-05,75.26000
2023-04-06,75.40000
2023-04-10,75.48000
2023-04-11,75.67000
2023-04-12,75.90000
2023-04-13,75.96000
2023-04-17,75.80000
2023-04-18,75.80000
2023-04-19,75.65000
2023-04-20,75.72000
2023-04-21,75.61000
2023-04-24,75.91000
2023-04-25,75.93000
2023-04-26,76.06000
2023-04-27,76.28000
2023-04-28,76.65000
2023-05-02,76.87000
2023-05-03,76.79000
2023-05-04,77.12000
2023-05-05,76.75000
2023-05-08,77.21000
2023-05-09,77.27000
2023-05-10,77.42000
2023-05-11,77.48000
2023-05-12,77.55000
2023-05-15,77.82000
2023-05-16,77.73000
2023-05-17,77.56000
2023-05-18,77.41000
2023-05-19,77.60000
2023-05-22,77.78000
2023-05-23,77.83000
2023-05-24,77.77000
2023-05-25,77.92000
2023-05-26,78.37000
2023-05-29,78.60000
2023-05-30,78.70000
2023-05-31,78.65000
2023-06-01,78.54000
2023-06-02,78.77000
2023-06-05,79.00000
2023-06-06,79.09000
2023-06-07,79.39000
2023-06-08,79.14000
2023-06-09,79.01000
2023-06-12,79.12000
2023-06-13,79.48000
2023-06-14,79.54000
2023-06-15,79.39000
2023-06-16,79.77000
2023-06-19,79.60000
2023-06-20,79.77000
2023-06-21,79.87000
2023-06-22,79.63000
2023-06-23,79.36000
2023-06-26,79.57000
2023-06-27,79.95000
2023-06-28,80.23000
2023-06-30,80.63000
2023-07-03,80.91000
2023-07-04,80.93000
2023-07-05,81.08000
2023-07-06,81.31000
2023-07-07,80.90000
2023-07-10,80.95000
2023-07-11,81.21000
2023-07-12,81.16000
2023-07-13,81.18000
2023-07-14,81.50000
2023-07-17,81.78000
2023-07-18,81.76000
2023-07-19,81.96000
2023-07-20,82.24000
2023-07-21,81.87000
2023-07-24,81.78000
2023-07-25,81.88000
2023-07-26,82.12000
2023-07-27,82.08000
2023-07-28,82.16000
2023-07-31,82.45000
2023-08-01,82.50000
2023-08-02,81.99000
2023-08-03,81.82000
2023-08-04,82.10000
2023-08-07,82.26000
2023-08-08,82.31000
2023-08-09,82.50000
2023-08-10,82.26000
2023-08-11,82.00000
2023-08-14,81.92000
2023-08-16,81.94000
2023-08-17,81.83000
2023-08-18,81.75000
2023-08-21,82.01000
2023-08-22,82.21000
2023-08-23,82.34000
2023-08-24,82.37000
2023-08-25,82.07000
2023-08-28,82.20000
2023-08-29,82.30000
2023-08-30,82.41000
2023-08-31,82.38000
2023-09-01,82.72000
2023-09-04,82.94000
2023-09-05,83.10000
2023-09-06,83.27000
2023-09-07,83.52000
2023-09-08,83.74000
2023-09-11,84.10000
2023-09-12,83.64000
2023-09-13,83.87000
2023-09-14,84.08000
2023-09-15,84.26000
2023-09-18,84.06000
2023-09-20,83.60000
2023-09-21,83.17000
2023-09-22,83.00000
2023-09-25,82.96000
2023-09-26,82.95000
2023-09-27,83.16000
2023-09-29,83.16000
2023-10-03,83.05000
2023-10-04,82.72000
2023-10-05,82.90000
2023-10-06,83.02000
2023-10-09,82.63000
2023-10-10,83.13000
2023-10-11,83.41000
2023-10-12,83.48000
2023-10-13,83.40000
2023-10-16,83.43000
2023-10-17,83.61000
2023-10-18,83.26000
2023-10-19,83.09000
2023-10-20,82.70000
2023-10-23,82.00000
2023-10-25,81.74000
2023-10-26,81.31000
2023-10-27,81.83000
2023-10-30,81.96000
2023-10-31,81.82000
2023-11-01,81.69000
2023-11-02,82.08000
2023-11-03,82.37000
2023-11-06,82.79000
2023-11-07,82.83000
2023-11-08,82.87000
2023-11-09,82.85000
2023-11-10,82.99000
2023-11-13,83.06000
2023-11-15,83.54000
2023-11-16,83.72000
2023-11-17,83.63000
2023-11-20,83.58000
2023-11-21,83.74000
2023-11-22,83.77000
2023-11-23,83.79000
2023-11-24,83.76000
2023-11-28,83.96000
2023-11-29,84.40000
2023-11-30,84.58000
2023-12-01,84.90000
2023-12-04,85.79000
2023-12-05,86.16000
2023-12-06,86.25000
2023-12-07,86.19000
2023-12-08,86.28000
2023-12-11,86.46000
2023-12-12,86.17000
2023-12-13,86.33000
2023-12-14,86.98000
2023-12-15,87.43000
2023-12-18,87.42000
2023-12-19,87.49000
2023-12-20,86.61000
2023-12-21,86.95000
2023-12-22,87.22000
2023-12-26,87.45000
2023-12-27,87.94000
2023-12-28,88.29000
2023-12-29,88.42000
2024-01-01,88.49000
2024-01-02,88.42000
2024-01-03,88.21000
2024-01-04,88.80000
2024-01-05,88.86000
2024-01-08,88.36000
2024-01-09,88.46000
2024-01-10,88.53000
2024-01-11,88.79000
2024-01-12,89.16000
2024-01-15,89.56000
2024-01-16,89.40000
2024-01-17,88.53000
2024-01-18,88.21000
2024-01-19,88.63000
2024-01-23,87.71000
2024-01-24,88.26000
2024-01-25,88.17000
2024-01-29,88.95000
2024-01-30,88.54000
2024-01-31,89.10000
2024-02-01,89.10000
2024-02-02,89.39000
2024-02-05,89.15000
2024-02-06,89.59000
2024-02-07,89.63000
2024-02-08,89.26000
2024-02-09,89.35000
2024-02-12,88.78000
2024-02-13,89.12000
2024-02-14,89.36000
2024-02-15,89.63000
2024-02-16,89.97000
2024-02-19,90.12000
2024-02-20,90.27000
2024-02-21,89.98000
2024-02-22,90.33000
2024-02-23,90.46000
2024-02-26,90.30000
2024-02-27,90.39000
2024-02-28,89.86000
2024-02-29,90.09000
2024-03-01,90.69000
2024-03-04,90.86000
2024-03-05,90.78000
2024-03-06,90.73000
2024-03-07,90.88000
2024-03-11,90.63000
2024-03-12,90.37000
2024-03-13,89.24000
2024-03-14,89.72000
2024-03-15,89.48000
2024-03-18,89.61000
2024-03-19,89.12000
2024-03-20,89.14000
2024-03-21,89.79000
2024-03-22,90.04000
2024-03-26,90.12000
2024-03-27,90.39000
2024-03-28,90.93000
2024-03-31,90.93000
2024-04-01,91.43000
2024-04-02,91.56000
2024-04-03,91.65000
2024-04-04,91.73000
2024-04-05,91.88000
2024-04-08,92.31000
2024-04-09,92.28000
2024-04-10,92.62000
2024-04-12,92.18000
2024-04-15,91.59000
2024-04-16,91.39000
2024-04-18,91.17000
2024-04-19,91.42000
2024-04-22,91.98000
2024-04-23,92.20000
2024-04-24,92.41000
2024-04-25,92.80000
2024-04-26,92.66000
2024-04-29,93.08000
2024-04-30,93.09000
2024-05-02,93.22000
2024-05-03,93.08000
2024-05-06,92.90000
2024-05-07,92.49000
2024-05-08,92.58000
2024-05-09,91.76000
2024-05-10,92.17000
2024-05-13,92.11000
2024-05-14,92.48000
2024-05-15,92.73000
2024-05-16,93.21000
2024-05-17,93.58000
2024-05-21,93.77000
2024-05-22,93.90000
2024-05-23,94.66000
2024-05-24,94.66000
2024-05-27,94.65000
2024-05-28,94.40000
2024-05-29,94.10000
2024-05-30,93.74000
2024-05-31,93.97000
2024-06-03,95.69000
2024-06-04,92.18000
2024-06-05,94.29000
2024-06-06,94.89000
2024-06-07,95.97000
2024-06-10,96.20000
2024-06-11,96.24000
2024-06-12,96.59000
2024-06-13,96.88000
2024-06-14,97.13000
2024-06-18,97.49000
2024-06-19,97.25000
2024-06-20,97.22000
2024-06-21,97.13000
2024-06-24,97.32000
2024-06-25,97.61000
2024-06-26,97.92000
2024-06-27,98.21000
2024-06-28,98.03000
2024-06-30,98.03000
2024-07-01,98.43000
2024-07-02,98.38000
2024-07-03,98.76000
2024-07-04,98.89000
2024-07-05,98.97000
2024-07-08,99.02000
2024-07-09,99.35000
2024-07-10,99.17000
2024-07-11,99.17000
2024-07-12,99.46000
2024-07-15,99.79000
2024-07-16,99.86000
2024-07-18,100.11000
2024-07-19,99.38000
2024-07-22,99.63000
2024-07-23,99.54000
2024-07-24,99.58000
2024-07-25,99.61000
2024-07-26,100.58000
2024-07-29,100.74000
2024-07-30,100.80000
2024-07-31,101.05000
2024-08-01,101.14000
2024-08-02,100.62000
2024-08-05,99.10000
2024-08-06,98.92000
2024-08-07,99.92000
2024-08-08,99.52000
2024-08-09,99.97000
2024-08-12,100.07000
2024-08-13,99.59000
2024-08-14,99.61000
2024-08-16,100.50000
2024-08-19,100.59000
2024-08-20,100.91000
2024-08-21,101.12000
2024-08-22,101.23000
2024-08-23,101.31000
2024-08-26,101.66000
2024-08-27,101.76000
2024-08-28,101.92000
2024-08-29,102.02000
2024-08-30,102.27000
2024-09-02,102.33000
2024-09-03,102.36000
2024-09-04,102.23000
2024-09-05,102.27000
2024-09-06,101.72000
2024-09-09,101.85000
2024-09-10,102.26000
2024-09-11,101.99000
2024-09-12,102.96000
2024-09-13,102.92000
2024-09-16,103.16000
2024-09-17,103.30000
2024-09-18,103.18000
2024-09-19,103.17000
2024-09-20,103.90000
2024-09-23,104.31000
2024-09-24,104.37000
2024-09-25,104.35000
2024-09-26,104.69000
2024-09-27,104.73000
2024-09-30,104.24000
2024-10-01,104.30000
2024-10-03,103.22000
2024-10-04,102.78000
2024-10-07,102.13000
2024-10-08,102.78000
2024-10-09,103.00000
2024-10-10,102.85000
2024-10-11,102.93000
2024-10-14,103.13000
2024-10-15,103.26000
2024-10-16,103.09000
2024-10-17,102.51000
2024-10-18,102.50000
2024-10-21,102.14000
2024-10-22,101.22000
2024-10-23,101.23000
2024-10-24,101.01000
2024-10-25,100.36000
2024-10-28,100.51000
2024-10-29,100.74000
2024-10-30,100.59000
2024-10-31,100.58000
2024-11-04,100.33000
2024-11-05,100.65000
2024-11-06,101.17000
2024-11-07,100.71000
2024-11-08,100.52000
2024-11-11,100.34000
2024-11-12,99.89000
2024-11-13,99.16000
2024-11-14,99.26000
2024-11-18,99.26000
2024-11-19,99.45000
2024-11-21,99.12000
2024-11-22,99.96000
2024-11-25,100.63000
2024-11-26,100.64000
2024-11-27,100.67000
2024-11-28,100.23000
2024-11-29,100.61000
2024-12-02,100.83000
2024-12-03,101.31000
2024-12-04,101.46000
2024-12-05,101.80000
2024-12-06,101.67000
2024-12-09,101.64000
2024-12-10,101.77000
2024-12-11,101.73000
2024-12-12,101.52000
2024-12-13,101.71000
2024-12-16,101.63000
2024-12-17,101.10000
2024-12-18,100.95000
2024-12-19,100.55000
2024-12-20,99.84000
2024-12-23,99.95000
2024-12-24,99.94000
2024-12-26,99.98000
2024-12-27,100.05000
2024-12-30,99.83000
2024-12-31,99.91000
2025-01-01,100.08000
2025-01-02,100.81000
2025-01-03,100.74000
2025-01-06,100.05000
2025-01-07,100.31000
2025-01-08,100.07000
2025-01-09,99.91000
2025-01-10,99.57000
2025-01-13,98.41000
2025-01-14,98.83000
2025-01-15,99.01000
2025-01-16,99.48000
2025-01-17,99.34000
2025-01-20,99.58000
2025-01-21,98.80000
2025-01-22,98.80000
2025-01-23,99.01000
2025-01-24,98.53000
2025-01-27,97.61000
2025-01-28,97.72000
2025-01-29,98.58000
2025-01-30,98.57000
2025-01-31,98.97000
2025-02-03,98.75000
2025-02-04,99.54000
2025-02-05,99.61000
2025-02-06,99.38000
2025-02-07,99.38000
2025-02-10,98.70000
2025-02-11,97.71000
2025-02-12,97.57000
2025-02-13,97.68000
2025-02-14,97.03000
2025-02-17,96.99000
2025-02-18,97.01000
2025-02-19,97.39000
2025-02-20,97.76000
2025-02-21,97.36000
2025-02-24,96.68000
2025-02-25,96.55000
2025-02-27,96.36000
2025-02-28,95.16000
2025-03-03,95.19000
2025-03-04,95.31000
2025-03-05,96.33000
2025-03-06,97.02000
2025-03-07,96.95000
2025-03-10,96.52000
2025-03-11,96.68000
2025-03-12,96.65000
2025-03-13,96.36000
2025-03-17,96.91000
2025-03-18,97.98000
2025-03-19,98.43000
2025-03-20,99.03000
2025-03-21,99.58000
2025-03-24,100.51000
2025-03-25,100.26000
2025-03-26,99.82000
2025-03-27,100.29000
2025-03-28,100.24000
2025-03-31,100.23000
2025-04-01,99.23000
2025-04-02,99.98000
2025-04-03,99.81000
2025-04-04,98.39000
2025-04-07,96.04000
2025-04-08,97.36000
2025-04-09,96.95000
2025-04-11,98.21000
2025-04-15,99.89000
2025-04-16,100.29000
2025-04-17,101.42000
2025-04-21,102.55000
2025-04-22,102.86000
2025-04-23,103.49000
2025-04-24,103.31000
2025-04-25,102.37000
2025-04-28,103.14000
2025-04-29,103.25000
2025-04-30,103.18000
2025-05-02,103.11000
2025-05-05,103.47000
2025-05-06,102.70000
2025-05-07,103.13000
2025-05-08,102.49000
2025-05-09,101.98000
2025-05-12,104.44000
2025-05-13,103.90000
2025-05-14,104.35000
2025-05-15,105.16000
2025-05-16,105.33000
2025-05-19,105.32000
2025-05-20,104.63000
2025-05-21,105.08000
2025-05-22,104.50000
2025-05-23,105.15000
2025-05-26,105.49000
2025-05-27,105.08000
2025-05-28,104.91000
2025-05-29,105.16000
2025-05-30,104.81000
2025-06-02,104.92000
2025-06-03,104.65000
2025-06-04,104.99000
2025-06-05,105.40000
2025-06-06,106.19000
2025-06-09,106.67000
2025-06-10,106.58000
2025-06-11,106.66000
2025-06-12,105.82000
2025-06-13,105.25000
2025-06-16,105.93000
2025-06-17,105.49000
2025-06-18,105.44000
2025-06-19,104.98000
2025-06-20,105.90000
2025-06-23,105.61000
2025-06-24,106.10000
2025-06-25,106.70000
2025-06-26,107.46000
2025-06-27,107.66000
2025-06-30,107.52000
2025-07-01,107.55000
2025-07-02,107.37000
2025-07-03,107.28000
2025-07-04,107.56000
2025-07-07,107.56000
2025-07-08,107.73000
2025-07-09,107.57000
2025-07-10,107.28000
2025-07-11,106.91000
2025-07-14,106.89000
2025-07-15,107.27000
2025-07-16,107.33000
2025-07-17,107.39000
2025-07-18,107.01000
2025-07-21,107.26000
2025-07-22,107.10000
2025-07-23,107.44000
2025-07-24,107.24000
2025-07-25,106.45000
2025-07-28,105.79000
2025-07-29,106.17000
2025-07-30,106.43000
2025-07-31,106.07000
2025-08-01,105.26000
2025-08-04,105.87000
2025-08-05,105.77000
2025-08-06,105.25000
2025-08-07,105.40000
2025-08-08,104.77000
2025-08-11,105.24000
2025-08-12,105.12000
2025-08-13,105.46000
2025-08-14,105.46000
2025-08-18,106.07000
2025-08-19,106.53000
2025-08-20,106.87000
2025-08-21,106.86000
2025-08-22,106.51000
2025-08-25,106.65000
2025-08-26,105.82000
2025-08-28,105.26000
2025-08-29,105.13000
2025-09-01,105.82000
2025-09-02,105.81000
2025-09-03,106.15000
2025-09-04,106.07000
2025-09-05,105.86000
2025-09-08,105.91000
2025-09-09,106.29000
2025-09-10,106.77000
2025-09-11,106.74000
2025-09-12,106.86000
2025-09-15,107.05000
2025-09-16,107.48000
2025-09-17,107.72000
2025-09-18,107.84000
2025-09-19,107.79000
2025-09-22,107.33000
2025-09-23,107.16000
2025-09-24,106.85000
2025-09-25,106.38000
2025-09-26,105.67000
2025-09-30,105.66000
2025-10-01,106.13000
2025-10-03,106.35000
2025-10-06,106.80000
2025-10-07,106.89000
2025-10-08,106.72000
2025-10-09,107.06000
2025-10-10,107.22000
2025-10-13,107.07000
2025-10-14,106.97000
2025-10-15,107.58000
2025-10-16,108.23000
2025-10-17,108.27000
2025-10-20,108.60000
2025-10-23,108.88000
2025-10-24,108.71000
2025-10-27,109.02000
2025-10-28,109.01000
2025-10-29,109.28000
2025-10-30,109.04000
2025-10-31,108.53000
2025-11-03,108.87000
2025-11-04,108.65000
2025-11-06,108.07000
2025-11-07,107.91000
2025-11-10,108.07000
2025-11-11,108.20000
2025-11-12,108.65000
2025-11-13,108.56000
2025-11-14,108.67000
2025-11-17,109.10000
2025-11-18,109.23000
2025-11-19,109.54000
2025-11-20,109.54000
2025-11-21,109.03000
2025-11-24,108.92000
2025-11-25,109.04000
2025-11-26,109.69000
2025-11-27,109.56000
2025-11-28,109.59000
2025-12-01,109.77000
2025-12-02,109.59000
2025-12-03,109.39000
2025-12-04,109.58000
2025-12-05,109.78000
2025-12-08,109.20000
2025-12-09,109.65000
2025-12-10,109.48000
2025-12-11,109.22000
2025-12-12,109.66000
2025-12-15,109.61000
2025-12-16,109.37000
2025-12-17,109.31000
2025-12-18,109.42000
2025-12-19,109.95000
2025-12-22,110.17000
2025-12-23,110.12000
2025-12-24,110.04000
2025-12-26,109.88000
2025-12-29,109.56000
2025-12-30,109.51000
2025-12-31,109.99000
2026-01-01,110.25000
2026-01-02,110.65000
2026-01-05,110.45000
2026-01-06,110.32000
2026-01-07,110.34000
2026-01-08,109.50000
2026-01-09,109.12000
2026-01-12,109.11000
2026-01-13,109.22000
2026-01-14,109.03000
2026-01-16,109.38000
2026-01-19,108.97000
2026-01-20,107.99000
2026-01-21,107.68000
2026-01-22,108.43000
2026-01-23,107.69000
2026-01-27,107.70000
2026-01-28,108.32000
2026-01-29,108.50000
2026-01-30,108.58000
2026-02-02,108.02000
2026-02-03,109.75000
2026-02-04,109.79000
2026-02-05,109.52000
2026-02-06,109.47000
